年月日時,気温,降水量,風速,風向
2018/8/3 1:00,28.1,0,2.4,西南西
2018/8/3 2:00,27.6,0,1.7,南西
2018/8/3 3:00,27.9,0,0.8,西北西
2018/8/3 4:00,27.8,0,1.2,西南西
2018/8/3 5:00,27.5,0,1.4,西南西
2018/8/3 6:00,28,0,0.9,西
2018/8/3 7:00,28.5,0,1.4,東
2018/8/3 8:00,30.2,0,2.8,南南西
2018/8/3 9:00,30.3,0,3.3,南南西
2018/8/3 10:00,30.3,0,4.9,南南西
2018/8/3 11:00,30.8,0,4.8,南西
2018/8/3 12:00,31.5,0,5.8,南西
2018/8/3 13:00,32,0,5.5,南南西
2018/8/3 14:00,32.3,0,5.6,南南西
2018/8/3 15:00,33.1,0,3.8,南南西
2018/8/3 16:00,33.7,0,4.6,南西
2018/8/3 17:00,34.7,0,4.1,南西
2018/8/3 18:00,33.9,0,3.7,西北西
2018/8/3 19:00,33.8,0,3.9,北北西
2018/8/3 20:00,31.8,0,3.3,北北東
2018/8/3 21:00,31.9,0,2.2,東南東
2018/8/3 22:00,31.1,0,0.7,北北西
2018/8/3 23:00,30.1,0,0.8,北北西
2018/8/4 0:00,29.9,0,0.5,北西
2018/8/4 1:00,28.9,0,1.7,北
2018/8/4 2:00,28.8,0,1.9,南西
2018/8/4 3:00,28.4,0,1.5,西
2018/8/4 4:00,28,0,0.7,北西
2018/8/4 5:00,27.9,0,1,北北西
2018/8/4 6:00,28,0,0.5,西北西
2018/8/4 7:00,28.1,0,2.1,東南東
2018/8/4 8:00,28.8,0,2.2,東南東
2018/8/4 9:00,30.5,0,2.4,東南東
2018/8/4 10:00,30.8,0,1.5,南南西
2018/8/4 11:00,31.3,0,3.5,南南西
2018/8/4 12:00,31.5,0,3.4,南南西
2018/8/4 13:00,32,0,3.5,南西
2018/8/4 14:00,32.5,0,4.8,南南西
2018/8/4 15:00,32.6,0,4.5,南西
2018/8/4 16:00,33.7,0,4.1,南西
2018/8/4 17:00,33.7,0,4,南西
2018/8/4 18:00,34.3,0,3.2,南西
2018/8/4 19:00,33.1,0,4.1,北西
2018/8/4 20:00,32.7,0,0.3,北北西
2018/8/4 21:00,32,0,0.9,東
2018/8/4 22:00,31.7,0,0.9,北東
2018/8/4 23:00,31.1,0,3.4,東北東
2018/8/5 0:00,30.2,0,2.7,西南西
2018/8/5 1:00,29.9,0,1.7,南西
2018/8/5 2:00,29.2,0,1.7,南西
2018/8/5 3:00,29,0,1.9,西南西
2018/8/5 4:00,28.4,0,0.8,西
2018/8/5 5:00,28.3,0,0.8,東北東
2018/8/5 6:00,28.7,0,0.9,南南西
2018/8/5 7:00,28.9,0,1.4,東南東
2018/8/5 8:00,29.4,0,1.9,南
2018/8/5 9:00,30.4,0,2.3,南南東
2018/8/5 10:00,31.2,0,2.2,南
2018/8/5 11:00,32.4,0,2.1,南
2018/8/5 12:00,32.3,0,4.4,南南西
2018/8/5 13:00,33.4,0,4.5,南南西
2018/8/5 14:00,34.5,0,4.9,南西
2018/8/5 15:00,33.5,0,5.1,南南西
2018/8/5 16:00,33.3,0,4.6,南南西
2018/8/5 17:00,33.1,0,3.4,南南西
2018/8/5 18:00,32.2,0,4,南西
2018/8/5 19:00,31.2,0,4.7,南西
2018/8/5 20:00,31.2,0,4.4,南西
2018/8/5 21:00,30.3,0,3.9,南西
2018/8/5 22:00,29.7,0,3.3,南西
2018/8/5 23:00,29.2,0,2.9,南西
2018/8/6 0:00,29.1,0,2,南西
2018/8/6 1:00,29.3,0,2,西南西
2018/8/6 2:00,29.2,0,1.4,南西
2018/8/6 3:00,29.3,0,0.9,南南西
2018/8/6 4:00,29.3,0,1,北北東
2018/8/6 5:00,28.2,0,0.9,東
2018/8/6 6:00,28.5,0,1.8,東南東
2018/8/6 7:00,29.7,0,1.9,東南東
2018/8/6 8:00,30,0,2.5,東南東
2018/8/6 9:00,30.8,0,2.9,東南東
2018/8/6 10:00,31.3,0,3.1,南東
2018/8/6 11:00,32.3,0,3.3,南西
2018/8/6 12:00,32.9,0,4,南南西
2018/8/6 13:00,32.7,0,3.4,南南西
2018/8/6 14:00,33,0,5.1,南西
2018/8/6 15:00,34.2,0,4.7,南西
2018/8/6 16:00,34.4,0,7.1,北北西
2018/8/6 17:00,33.4,0,4.1,北北西
2018/8/6 18:00,32.5,0,5,北北東
2018/8/6 19:00,31.7,0,5.5,北
2018/8/6 20:00,30.7,0,6.2,北
2018/8/6 21:00,30.4,0,3.8,北北東
2018/8/6 22:00,29.7,0,4,東
2018/8/6 23:00,29.4,0,5.5,北東
2018/8/7 0:00,29,0,3.7,東北東
2018/8/7 1:00,28.9,0,2.5,北
2018/8/7 2:00,28.5,0,4,北北東
2018/8/7 3:00,28.1,0,2.1,東北東
2018/8/7 4:00,27.9,0,1.6,北北東
2018/8/7 5:00,27.4,0,0.4,西南西
2018/8/7 6:00,27.7,0,0.8,北北東
2018/8/7 7:00,28.9,0,4.4,東北東
2018/8/7 8:00,30,0,2.1,東
2018/8/7 9:00,30.5,0,1.8,東北東
2018/8/7 10:00,30.9,0,1.6,東南東
2018/8/7 11:00,31.8,0,2.4,南東
2018/8/7 12:00,32,0,2.5,南南西
2018/8/7 13:00,32.5,0,3.2,南南西
2018/8/7 14:00,32.6,0,4.1,南西
2018/8/7 15:00,32.8,0,3.7,南南西
2018/8/7 16:00,33.7,0,4.4,北北西
2018/8/7 17:00,32.5,0,5.7,北北西
2018/8/7 18:00,31.7,0,6.1,北
2018/8/7 19:00,30.4,0,5.7,北
2018/8/7 20:00,29.5,0,5.1,北東
2018/8/7 21:00,28.9,0,3.9,北東
2018/8/7 22:00,28,0,2.6,東北東
2018/8/7 23:00,27.6,0,2.8,東北東
2018/8/8 0:00,27.3,0,3.2,東北東
2018/8/8 1:00,26.8,0,0.8,東
2018/8/8 2:00,26.4,0,1.7,西
2018/8/8 3:00,26,0,1.1,南南西
2018/8/8 4:00,25.7,0,1.1,東北東
2018/8/8 5:00,25.7,0,0.8,南南東
2018/8/8 6:00,25.8,0,3.3,北
2018/8/8 7:00,26.8,0,4.4,北北東
2018/8/8 8:00,28.3,0,3.3,北北東
2018/8/8 9:00,29.6,0,3.9,北
2018/8/8 10:00,29.2,0,3.4,北北西
2018/8/8 11:00,30,0,2.4,西南西
2018/8/8 12:00,30.7,0,5.7,北
2018/8/8 13:00,30.3,0,6.4,北北西
2018/8/8 14:00,30.8,0,5.1,北北西
2018/8/8 15:00,31.6,0,7.4,北北西
2018/8/8 16:00,30.9,0,5.7,北北西
2018/8/8 17:00,30.3,0,5.8,北北西
2018/8/8 18:00,29.3,0,4.5,北西
2018/8/8 19:00,28.4,0,3.4,北北西
2018/8/8 20:00,27.9,0,3.4,北北西
2018/8/8 21:00,27.6,0,3,北
2018/8/8 22:00,27.5,0,3.3,西
2018/8/8 23:00,27.5,0,2.7,北西
2018/8/9 0:00,27.2,0,3.8,西北西
2018/8/9 1:00,27.4,0,2.1,北西
2018/8/9 2:00,27.1,0,3.5,北西
2018/8/9 3:00,26.6,0,3.4,西北西
2018/8/9 4:00,27,0,4.3,西北西
2018/8/9 5:00,26.9,0,4,西
2018/8/9 6:00,27.1,0,4,西
2018/8/9 7:00,27.4,0,2.7,南西
2018/8/9 8:00,28.4,0,1.8,西
2018/8/9 9:00,28.4,0,3.8,北
2018/8/9 10:00,29.6,0,2.9,北
2018/8/9 11:00,29.5,0,5.1,北西
2018/8/9 12:00,29.5,0,3.3,北北西
2018/8/9 13:00,30.3,0,4.1,北西
2018/8/9 14:00,30.7,0,4.5,北
2018/8/9 15:00,30.8,0,4.4,北北西
2018/8/9 16:00,30.4,0,3.3,北北西
2018/8/9 17:00,30.4,0,6.3,北
2018/8/9 18:00,29.7,0,3.5,北
2018/8/9 19:00,29.3,0,3.9,北
2018/8/9 20:00,29.4,0,3.2,北北西
2018/8/9 21:00,29.2,0,4,北
2018/8/9 22:00,29,0,1.4,西南西
2018/8/9 23:00,28.4,0,1.4,南西
2018/8/10 0:00,28.6,0,1.1,北
2018/8/10 1:00,27.4,0,3.2,南東
2018/8/10 2:00,28.1,0,3,東北東
2018/8/10 3:00,28.1,0,2.8,東北東
2018/8/10 4:00,28.3,0,2.3,東北東
2018/8/10 5:00,27.5,0,1.7,南
2018/8/10 6:00,27.6,0,1,東
2018/8/10 7:00,28.2,0,2.3,東
2018/8/10 8:00,28.3,0,2.2,南南西
2018/8/10 9:00,29,0,1.7,南東
2018/8/10 10:00,29.1,0,2.6,東南東
2018/8/10 11:00,29.9,0,1.8,東南東
2018/8/10 12:00,30.5,0,2.6,東南東
2018/8/10 13:00,31.2,0,2.3,東南東
2018/8/10 14:00,31.2,0,2.1,南南西
2018/8/10 15:00,31.2,0,3.8,南西
2018/8/10 16:00,29.5,0,4.6,南南西
2018/8/10 17:00,30.9,0,4.3,南西
2018/8/10 18:00,29.5,0,5.5,南西
2018/8/10 19:00,28.7,0,4.5,西南西
2018/8/10 20:00,28.5,0,3,西南西
2018/8/10 21:00,28.4,0,3,西南西
2018/8/10 22:00,28.7,0,2.3,西南西
2018/8/10 23:00,28.6,0,1.8,西北西
2018/8/11 0:00,28.3,0,1.3,西南西
2018/8/11 1:00,28.2,0,1,西北西
2018/8/11 2:00,28.3,0,1,西
2018/8/11 3:00,28,0,0.5,北北東
2018/8/11 4:00,27,0,1.6,南南東
2018/8/11 5:00,26.9,0,1.1,東南東
2018/8/11 6:00,27.5,0,2.2,東北東
2018/8/11 7:00,28.3,0,3,東北東
2018/8/11 8:00,28.9,0,3.7,東南東
2018/8/11 9:00,29.8,0,3.1,東南東
2018/8/11 10:00,30.6,0,3.7,東南東
2018/8/11 11:00,32.4,0,1.6,東南東
2018/8/11 12:00,32.3,0,3.9,南西
2018/8/11 13:00,32.2,0,5.2,南西
2018/8/11 14:00,30.9,0,5.9,南西
2018/8/11 15:00,31,0,4.8,南西
2018/8/11 16:00,30.5,0,5.2,南西
2018/8/11 17:00,30.3,0,4.3,西南西
2018/8/11 18:00,29.2,0,5.2,西南西
2018/8/11 19:00,29.1,0,4.6,西南西
2018/8/11 20:00,28.9,0,2.9,西
2018/8/11 21:00,28.9,0,2.8,西南西
2018/8/11 22:00,28.9,0,2.6,西
2018/8/11 23:00,28.9,0,2.8,西南西
2018/8/12 0:00,28.8,0,2.3,西南西
2018/8/12 1:00,29.1,0,1.8,西南西
2018/8/12 2:00,27.8,0,2.6,南西
2018/8/12 3:00,28.2,0,1.4,西南西
2018/8/12 4:00,28.4,0,0.8,北
2018/8/12 5:00,28.6,0,0.8,北
2018/8/12 6:00,28.8,0,0.6,北北西
2018/8/12 7:00,29.4,0,2,西
2018/8/12 8:00,29.6,0,2.4,南南西
2018/8/12 9:00,30,0,3.1,西南西
2018/8/12 10:00,31.2,0,2.6,西南西
2018/8/12 11:00,31.1,0,4.2,南西
2018/8/12 12:00,31.1,0,4.8,南西
2018/8/12 13:00,32.5,0,5.2,南西
2018/8/12 14:00,31.8,0,4.9,南西
2018/8/12 15:00,31,0,5.6,南西
2018/8/12 16:00,30.4,0,5.8,西南西
2018/8/12 17:00,30.1,0,5,西南西
2018/8/12 18:00,29.3,0,3.9,西南西
2018/8/12 19:00,29.5,0,3.9,西南西
2018/8/12 20:00,29.5,0,3.6,西
2018/8/12 21:00,29.9,0,2.8,西
2018/8/12 22:00,30,0,2.6,西南西
2018/8/12 23:00,29.8,0,2.8,西南西
2018/8/13 0:00,29.5,0,2.4,西
2018/8/13 1:00,29.2,0,2.2,西
2018/8/13 2:00,28.9,0,2.2,西
2018/8/13 3:00,29,0,1.5,西
2018/8/13 4:00,28.7,0,0.9,西北西
2018/8/13 5:00,28.7,0,0.8,南東
2018/8/13 6:00,28.7,0,0.5,東南東
2018/8/13 7:00,29.3,0,0.7,北北東
2018/8/13 8:00,29.6,0,1.1,南西
2018/8/13 9:00,30.2,0,3,南西
2018/8/13 10:00,31,0,3.1,南西
2018/8/13 11:00,31.2,0,3.3,南南西
2018/8/13 12:00,31.8,0,4.1,南西
2018/8/13 13:00,32.5,0,3,南西
2018/8/13 14:00,31.2,0,4.8,南西
2018/8/13 15:00,30.5,0,6,南南西
2018/8/13 16:00,30.1,0,5.5,南西
2018/8/13 17:00,30.4,0,4.1,西南西
2018/8/13 18:00,29.8,0,3,西南西
2018/8/13 19:00,30,0,3.4,西南西
2018/8/13 20:00,30.1,0,3.1,西南西
2018/8/13 21:00,29.5,0,2.8,西南西
2018/8/13 22:00,29.1,0,3.7,西南西
2018/8/13 23:00,29.1,0,3.8,西南西
2018/8/14 0:00,28.9,0,2.9,西南西
2018/8/14 1:00,28.6,0,2.1,西南西
2018/8/14 2:00,28.7,0,2.3,西南西
2018/8/14 3:00,28.7,0,2.2,西南西
2018/8/14 4:00,28.5,0,1.4,西南西
2018/8/14 5:00,28.2,0,1.3,西南西
2018/8/14 6:00,28.1,0,1.6,西
2018/8/14 7:00,28.9,0,1.7,西南西
2018/8/14 8:00,30,0,1.2,西北西
2018/8/14 9:00,30.6,0,1.3,北北西
2018/8/14 10:00,31.4,0,2,東
2018/8/14 11:00,32.6,0,1.5,西北西
2018/8/14 12:00,32.9,0,5.4,南西
2018/8/14 13:00,33.2,0,5.8,南西
2018/8/14 14:00,32.8,0,6,南西
2018/8/14 15:00,33,0,5.9,南西
2018/8/14 16:00,31.5,0,5.1,南西
2018/8/14 17:00,31.2,0,5.2,南西
2018/8/14 18:00,31.4,0,3.8,南西
2018/8/14 19:00,30.8,0,2.2,南西
2018/8/14 20:00,30,0,2.8,南西
2018/8/14 21:00,30.8,0,1.7,西南西
2018/8/14 22:00,29.7,0,1.6,南南西
2018/8/14 23:00,28.9,0,0.5,北北西
2018/8/15 0:00,28.4,0,1.9,東南東
2018/8/15 1:00,29.4,0,5.9,東北東
2018/8/15 2:00,29.1,0,4.8,北東
2018/8/15 3:00,29.1,0,5.4,東北東
2018/8/15 4:00,28.9,0,1.3,南南西
2018/8/15 5:00,27.6,0,3.2,南西
2018/8/15 6:00,26,0.5,2,西
2018/8/15 7:00,27.2,0,1.1,北
2018/8/15 8:00,27.8,0,2.7,東南東
2018/8/15 9:00,28.6,0,2.5,東南東
2018/8/15 10:00,28.5,0,2.3,北北東
2018/8/15 11:00,29,0.5,1.6,東
2018/8/15 12:00,29.1,0,1.7,西北西
2018/8/15 13:00,29.7,0,1.2,北東
2018/8/15 14:00,29.9,0,1.7,北東
2018/8/15 15:00,30.7,0,1.6,北西
2018/8/15 16:00,29.1,0,4.8,南西
2018/8/15 17:00,28.2,0,2.9,西南西
2018/8/15 18:00,28.2,0,2.8,西
2018/8/15 19:00,28.7,0,1.7,北西
2018/8/15 20:00,28.8,0,1.9,西
2018/8/15 21:00,28.5,0,1.2,北西
2018/8/15 22:00,29,0,0.6,北北西
2018/8/15 23:00,28.8,0,1.7,南西
2018/8/16 0:00,28.6,0,1.5,西南西
2018/8/16 1:00,28.5,0,2,南西
2018/8/16 2:00,28.2,0,1.5,西
2018/8/16 3:00,28.4,0,1.7,西
2018/8/16 4:00,28.1,0,2.3,西
2018/8/16 5:00,28.1,0,3,西南西
2018/8/16 6:00,27.5,0,3.4,南西
2018/8/16 7:00,27.7,0,2.4,南南西
2018/8/16 8:00,28.1,0,3.7,南南西
2018/8/16 9:00,28.2,0,4.7,南西
2018/8/16 10:00,29.1,0,5.5,南西
2018/8/16 11:00,27.7,2,5.6,南西
2018/8/16 12:00,27.3,0.5,6.1,南西
2018/8/16 13:00,27.4,0,4.6,西南西
2018/8/16 14:00,28.1,0,5,南西
2018/8/16 15:00,28.4,0,5.7,西南西
2018/8/16 16:00,28.1,0,6,南南西
2018/8/16 17:00,28.3,0,4.5,南西
2018/8/16 18:00,27.8,0,3.6,南南西
2018/8/16 19:00,28.3,0,3.4,南西
2018/8/16 20:00,27.4,1,1.7,北
2018/8/16 21:00,27.5,0,2.6,北西
2018/8/16 22:00,27.3,0,1.4,北北東
2018/8/16 23:00,26.9,0,3.6,北西
2018/8/17 0:00,26.3,0,3.4,北北東
2018/8/17 1:00,25.7,0,3.8,北北西
2018/8/17 2:00,25.5,0,2.9,東
2018/8/17 3:00,25,0,3.3,東北東
2018/8/17 4:00,24.8,0,1.1,南
2018/8/17 5:00,24.4,0,3,北西
2018/8/17 6:00,24.3,0,1.7,北北東
2018/8/17 7:00,24.7,0,2.6,北北西
2018/8/17 8:00,26.2,0,1.5,東南東
2018/8/17 9:00,26.8,0,1.9,北北東
2018/8/17 10:00,27.9,0,4.3,北北東
2018/8/17 11:00,28.6,0,3.9,北
2018/8/17 12:00,28.7,0,8.1,北
2018/8/17 13:00,28.2,0,7.6,北北東
2018/8/17 14:00,27.9,0,6.8,北北西
2018/8/17 15:00,28,0,7.4,北北東
2018/8/17 16:00,26.8,0,8.6,北北西
2018/8/17 17:00,26.5,0,5.1,北
2018/8/17 18:00,25.8,0,5.9,北東
2018/8/17 19:00,24.7,0,5.4,北北東
2018/8/17 20:00,24.1,0,4.3,北北東
2018/8/17 21:00,23.9,0,2.5,北東
2018/8/17 22:00,23.8,0,5,北東
2018/8/17 23:00,23.5,0,5.6,北東
2018/8/18 0:00,23.4,0,4.5,北
2018/8/18 1:00,23.4,0,3.5,北東
2018/8/18 2:00,22.7,0,1.7,北東
2018/8/18 3:00,22.7,0,2.9,北東
2018/8/18 4:00,21.7,0,2,北北東
2018/8/18 5:00,21.6,0,2.4,東北東
2018/8/18 6:00,21.4,0,2.2,北北東
2018/8/18 7:00,22.5,0,0.8,北北東
2018/8/18 8:00,24,0,3.3,東北東
2018/8/18 9:00,25.1,0,3.3,東
2018/8/18 10:00,25.9,0,3.4,東南東
2018/8/18 11:00,27,0,3,東南東
2018/8/18 12:00,28.2,0,2.5,東南東
2018/8/18 13:00,28.3,0,2.7,南南西
2018/8/18 14:00,29,0,4.7,南南西
2018/8/18 15:00,28.1,0,4.7,南南西
2018/8/18 16:00,28.9,0,5,南西
2018/8/18 17:00,29,0,3.4,南西
2018/8/18 18:00,28.8,0,2.6,南西
2018/8/18 19:00,28,0,2.8,南西
2018/8/18 20:00,27.2,0,3,南西
2018/8/18 21:00,26.5,0,3,南西
2018/8/18 22:00,25.9,0,1.7,南西
2018/8/18 23:00,25.3,0,0.9,北西
2018/8/19 0:00,25.4,0,1.5,西南西
2018/8/19 1:00,24.7,0,1,西
2018/8/19 2:00,24.7,0,5,北東
2018/8/19 3:00,24.3,0,5.8,北東
2018/8/19 4:00,24.2,0,6.4,北東
2018/8/19 5:00,24,0,6.4,北東
2018/8/19 6:00,24.2,0,5.5,北東
2018/8/19 7:00,25,0,7,北東
2018/8/19 8:00,26.2,0,6,北東
2018/8/19 9:00,27.4,0,5.2,東北東
2018/8/19 10:00,28.6,0,4.7,東
2018/8/19 11:00,28.9,0,2.6,東南東
2018/8/19 12:00,30,0,3.4,東南東
2018/8/19 13:00,30.7,0,3.6,東南東
2018/8/19 14:00,30.8,0,3.5,東南東
2018/8/19 15:00,31.3,0,2.5,南南東
2018/8/19 16:00,30.4,0,2,南
2018/8/19 17:00,30.3,0,2.5,南南西
2018/8/19 18:00,27.4,0,3.7,南西
2018/8/19 19:00,26.4,0,3.1,南南西
2018/8/19 20:00,26.4,0,2.1,南南西
2018/8/19 21:00,26.4,0,2.2,南
2018/8/19 22:00,26.2,0,3.8,北北東
2018/8/19 23:00,26,0,4.8,北東
2018/8/20 0:00,25.7,0,4.9,北東
2018/8/20 1:00,25.3,0,7.1,北東
2018/8/20 2:00,24.8,0,7.4,北東
2018/8/20 3:00,25,0,5.8,北東
2018/8/20 4:00,25.1,0,6.7,北東
2018/8/20 5:00,24.7,0,6.4,北東
2018/8/20 6:00,24.9,0,6.6,北東
2018/8/20 7:00,25.4,0,6.9,北東
2018/8/20 8:00,26.5,0,6.3,北東
2018/8/20 9:00,28.2,0,5.8,北東
2018/8/20 10:00,29.5,0,5.8,東北東
2018/8/20 11:00,30.9,0,5,東北東
2018/8/20 12:00,32.5,0,5.4,東北東
2018/8/20 13:00,32.4,0,4.6,東
2018/8/20 14:00,33.4,0,4.2,東北東
2018/8/20 15:00,33.6,0,3.6,東北東
2018/8/20 16:00,33.2,0,4.9,東
2018/8/20 17:00,32.1,0,6.4,北東
2018/8/20 18:00,31.5,0,7.1,北北東
2018/8/20 19:00,30.7,0,7.2,北東
2018/8/20 20:00,29.8,0,8.7,東北東
2018/8/20 21:00,29,0,7.5,東北東
2018/8/20 22:00,28.7,0,6.9,北東
2018/8/20 23:00,28.6,0,7.4,東北東
2018/8/21 0:00,28.3,0,5.9,東北東
2018/8/21 1:00,28,0,4.7,東北東
2018/8/21 2:00,27.9,0,4.1,北東
2018/8/21 3:00,27.9,0,4.5,北東
2018/8/21 4:00,28.2,0,4.4,東北東
2018/8/21 5:00,28.1,0,3.8,東北東
2018/8/21 6:00,28.3,0,4.1,東北東
2018/8/21 7:00,28.8,0,4.3,東北東
2018/8/21 8:00,31,0,4.7,東北東
2018/8/21 9:00,32.6,0,4.3,東北東
2018/8/21 10:00,32.9,0,3.6,東南東
2018/8/21 11:00,33.6,0,2.1,東南東
2018/8/21 12:00,32.5,0,4.3,南
2018/8/21 13:00,28.3,0.5,3.9,西南西
2018/8/21 14:00,31.1,0,2.4,西北西
2018/8/21 15:00,32.9,0,2.3,南南西
2018/8/21 16:00,33.1,0,4.2,南西
2018/8/21 17:00,31.1,0,5.8,南西
2018/8/21 18:00,30.9,0,3.2,西南西
2018/8/21 19:00,30.3,0,1.8,西南西
2018/8/21 20:00,30.3,0,1.3,南西
2018/8/21 21:00,29.7,0,0.8,東南東
2018/8/21 22:00,29.8,0,0.9,東
2018/8/21 23:00,29,0,2.8,南西
2018/8/22 0:00,28.5,0,1.2,北北東
2018/8/22 1:00,28.7,0,4.1,東北東
2018/8/22 2:00,28.8,0,5.9,東北東
2018/8/22 3:00,28.6,0,5.8,東北東
2018/8/22 4:00,28.1,0,5,東北東
2018/8/22 5:00,28.2,0,5,北東
2018/8/22 6:00,28.6,0,4.1,北東
2018/8/22 7:00,29.8,0,5.1,東北東
2018/8/22 8:00,31,0,4,東北東
2018/8/22 9:00,32.2,0,3.2,東北東
2018/8/22 10:00,33.2,0,1.1,東北東
2018/8/22 11:00,34.2,0,0.8,北北東
2018/8/22 12:00,34.8,0,3,東
2018/8/22 13:00,34.8,0,1.9,東北東
2018/8/22 14:00,35.8,0,1.9,東北東
2018/8/22 15:00,35.1,0,6.8,南西
2018/8/22 16:00,33.4,0,5.7,南西
2018/8/22 17:00,33.1,0,3,南西
2018/8/22 18:00,33.5,0,3,東
2018/8/22 19:00,32.5,0,7.8,東
2018/8/22 20:00,31.4,0,8.7,東
2018/8/22 21:00,30.8,0,9.1,東
2018/8/22 22:00,30.3,0,8.1,東北東
2018/8/22 23:00,29.7,0,11.2,東北東
2018/8/23 0:00,29.2,0,9.2,東北東
2018/8/23 1:00,29.3,0,8.8,東北東
2018/8/23 2:00,29.3,0,8.3,東北東
2018/8/23 3:00,29.4,0,7.8,東北東
2018/8/23 4:00,29.4,0,7.8,東北東
2018/8/23 5:00,29.5,0,8.3,東北東
2018/8/23 6:00,29.5,0,8.2,東北東
2018/8/23 7:00,30,0,8.4,東北東
2018/8/23 8:00,31.6,0,9.5,東北東
2018/8/23 9:00,32.6,0,7.5,東北東
2018/8/23 10:00,33.5,0,8.4,東北東
2018/8/23 11:00,33.4,0,10.9,東北東
2018/8/23 12:00,33.5,0,9.8,東北東
2018/8/23 13:00,34.7,0,9,東北東
2018/8/23 14:00,33.8,0,10.1,東
2018/8/23 15:00,34,0,9.8,東北東
2018/8/23 16:00,33.4,0,10.5,東
2018/8/23 17:00,32.7,0,12.8,東
2018/8/23 18:00,31.5,0,12,東北東
2018/8/23 19:00,30.3,0,14,東北東
2018/8/23 20:00,28.5,0,15,東北東
2018/8/23 21:00,29.3,0.5,17.8,北東
2018/8/23 22:00,26.5,3,17,東北東
2018/8/23 23:00,25.7,16.5,18.2,東
2018/8/24 0:00,25.8,45,19.4,南
2018/8/24 1:00,26,24.5,13.5,南南西
2018/8/24 2:00,27,30.5,14.1,南南西
2018/8/24 3:00,28.2,0.5,12.2,南南西
2018/8/24 4:00,28.3,0,9.9,南南西
2018/8/24 5:00,27.9,0,6.7,南南西
2018/8/24 6:00,27.9,0,6.8,南南西
2018/8/24 7:00,28,0,7.1,南南西
2018/8/24 8:00,28.8,0,4.7,南南西
2018/8/24 9:00,29.2,0,4.6,南南西
2018/8/24 10:00,30,0,6.5,南南西
2018/8/24 11:00,29.7,0,3.9,南西
2018/8/24 12:00,29,0,4.5,南西
2018/8/24 13:00,28.3,0,4,南西
2018/8/24 14:00,28.2,0,3.1,南西
2018/8/24 15:00,28.1,0,5.3,南西
2018/8/24 16:00,28.5,0,5.9,南南西
2018/8/24 17:00,28.2,0,5.8,南南西
2018/8/24 18:00,27.8,0.5,4.6,南南西
2018/8/24 19:00,27.6,2,4.9,南南西
2018/8/24 20:00,27.6,0,8,南南西
2018/8/24 21:00,27.7,0,6.4,南南西
2018/8/24 22:00,27.6,0,6.7,南西
2018/8/24 23:00,27.8,0,5.2,南西
2018/8/25 0:00,27.6,0,4.3,南西
2018/8/25 1:00,27.4,0,4,西南西
2018/8/25 2:00,27.4,0,3.3,西南西
2018/8/25 3:00,27.3,0,3.2,西南西
2018/8/25 4:00,27.3,0,3.2,西南西
2018/8/25 5:00,27.3,0,3.1,西南西
2018/8/25 6:00,27.5,0,2.6,西南西
2018/8/25 7:00,27.6,0,2.1,西南西
2018/8/25 8:00,27.8,0,2.6,南西
2018/8/25 9:00,28.3,0,4.1,南西
2018/8/25 10:00,29.5,0,5.3,西南西
2018/8/25 11:00,30,0,5.5,南西
2018/8/25 12:00,30.3,0,6.8,南西
2018/8/25 13:00,30.2,0,6.8,南西
2018/8/25 14:00,30.4,0,6.4,南西
2018/8/25 15:00,30.3,0,6.5,西南西
2018/8/25 16:00,29.7,0,5.9,西南西
2018/8/25 17:00,29.3,0,4.2,西南西
2018/8/25 18:00,28.9,0,4.1,西南西
2018/8/25 19:00,28.7,0,3.4,西南西
2018/8/25 20:00,28.2,0,3.6,西南西
2018/8/25 21:00,28,0,2.7,西南西
2018/8/25 22:00,27.9,0,1.8,西
2018/8/25 23:00,27.7,0,2.2,西
2018/8/26 0:00,27.6,0,2.1,西南西
2018/8/26 1:00,27.5,0,2.5,西
2018/8/26 2:00,27.4,0,2.1,西
2018/8/26 3:00,27.3,0,2,西南西
2018/8/26 4:00,27.1,0,2.1,南西
2018/8/26 5:00,26.8,0,2.2,南西
2018/8/26 6:00,26.9,0,1.6,西南西
2018/8/26 7:00,27.3,0,2.9,西南西
2018/8/26 8:00,28.9,0,2.8,西南西
2018/8/26 9:00,28.9,0,3.5,南西
2018/8/26 10:00,29.1,0,4.1,南西
2018/8/26 11:00,29.8,0,3.8,南西
2018/8/26 12:00,30.5,0,5,南南西
2018/8/26 13:00,30.5,0,5,南西
2018/8/26 14:00,30.4,0,4.8,南西
2018/8/26 15:00,30.6,0,4.5,南西
2018/8/26 16:00,30.3,0,5.4,南西
2018/8/26 17:00,29.2,0,5.5,南西
2018/8/26 18:00,28.6,0,3.9,西南西
2018/8/26 19:00,28.2,0,4,西南西
2018/8/26 20:00,27.9,0,3.5,西
2018/8/26 21:00,27.8,0,3.6,西南西
2018/8/26 22:00,27.7,0,3.9,西
2018/8/26 23:00,27.6,0,3.1,西南西
2018/8/27 0:00,27.5,0,3.1,西
2018/8/27 1:00,27.3,0,3.1,西
2018/8/27 2:00,27.1,0,3.2,西南西
2018/8/27 3:00,26.9,0,3.4,西南西
2018/8/27 4:00,26.7,0,2.9,西南西
2018/8/27 5:00,26.7,0,2.1,西
2018/8/27 6:00,26.7,0,1.1,南西
2018/8/27 7:00,27.6,0,2.3,南南西
2018/8/27 8:00,28.1,0,2.3,南南東
2018/8/27 9:00,28.6,0,2.8,南南西
2018/8/27 10:00,29.2,0,4.1,南南西
2018/8/27 11:00,29.8,0,5.1,南南西
2018/8/27 12:00,30.9,0,5.1,南南西
2018/8/27 13:00,32.2,0,5.4,南西
2018/8/27 14:00,32.2,0,4.9,南西
2018/8/27 15:00,32.7,0,5.3,南南西
2018/8/27 16:00,32.8,0,4.6,南西
2018/8/27 17:00,32.7,0,4.2,南西
2018/8/27 18:00,32.1,0,3.5,西南西
2018/8/27 19:00,31.2,0,2.7,南西
2018/8/27 20:00,30.1,0,3.8,南西
2018/8/27 21:00,28,0,3.9,南西
2018/8/27 22:00,27.8,0,2.7,南西
2018/8/27 23:00,27.7,0,2,西南西
2018/8/28 0:00,28.1,0,2,南西
2018/8/28 1:00,27.9,0,1.4,西南西
2018/8/28 2:00,27.9,0,1.2,南西
2018/8/28 3:00,27.6,0,0.9,西南西
2018/8/28 4:00,27.3,0,1.3,西南西
2018/8/28 5:00,27.4,0,1.8,南西
2018/8/28 6:00,27.3,0,2.8,南西
2018/8/28 7:00,28.1,0,2.1,南西
2018/8/28 8:00,28.3,0,3.2,西南西
2018/8/28 9:00,29.8,0,2.3,南
2018/8/28 10:00,28.6,0,3.9,南南西
2018/8/28 11:00,29.6,0,4.3,南南西
2018/8/28 12:00,29.5,0,6.1,南西
2018/8/28 13:00,30.2,0,5,南西
2018/8/28 14:00,29.7,0,4.8,南西
2018/8/28 15:00,29.6,0.5,2.1,南西
2018/8/28 16:00,30.1,0,3,西
2018/8/28 17:00,30.8,0,2.6,西
2018/8/28 18:00,30.3,0,2.8,西南西
2018/8/28 19:00,28.9,0,3.8,南西
2018/8/28 20:00,29.4,0,2.7,西南西
2018/8/28 21:00,29.1,0,2.1,南西
2018/8/28 22:00,28,0,1.9,南南西
2018/8/28 23:00,27.9,0,3.9,南西
2018/8/29 0:00,28,0,3.6,西
2018/8/29 1:00,27.9,0,4.2,西南西
2018/8/29 2:00,27.4,0,2.5,西南西
2018/8/29 3:00,27.3,0,2.3,西南西
2018/8/29 4:00,27.5,0,2.7,西南西
2018/8/29 5:00,27.6,0,2.7,西南西
2018/8/29 6:00,27.5,0,2.3,西南西
2018/8/29 7:00,27.6,0,2.5,西南西
2018/8/29 8:00,28.1,0,3.4,南西
2018/8/29 9:00,28.7,0,3.7,南西
2018/8/29 10:00,29.7,0,3.9,南西
2018/8/29 11:00,30.3,0,3.7,南南西
2018/8/29 12:00,30.5,0,3.7,南南西
2018/8/29 13:00,31.6,0,5,南西
2018/8/29 14:00,31.7,0,4.6,南西
2018/8/29 15:00,30.7,0,4.7,南西
2018/8/29 16:00,30,0,5.7,南西
2018/8/29 17:00,28.9,0,4.5,南西
2018/8/29 18:00,28.3,0,3.7,西南西
2018/8/29 19:00,27.7,0,3.8,西南西
2018/8/29 20:00,28.1,0,4.1,西南西
2018/8/29 21:00,27.8,0,3.9,西南西
2018/8/29 22:00,27.5,0,3.5,西南西
2018/8/29 23:00,27.6,0,3.6,西南西
2018/8/30 0:00,27.4,0,3.4,西
2018/8/30 1:00,27.2,0,3.3,西南西
2018/8/30 2:00,27.1,0,2.4,西南西
2018/8/30 3:00,26.9,0,1.4,南西
2018/8/30 4:00,27,0,1.8,南南西
2018/8/30 5:00,27.1,0,1.5,南南東
2018/8/30 6:00,27,0,1.4,東
2018/8/30 7:00,27.1,0,0.7,東北東
2018/8/30 8:00,27.1,0,2.7,南南西
2018/8/30 9:00,27.8,0,2.9,南南西
2018/8/30 10:00,29.4,0,3.3,南西
2018/8/30 11:00,29.7,0,4.2,南西
2018/8/30 12:00,30.4,0,4.6,南西
2018/8/30 13:00,30.3,0,4.8,南西
2018/8/30 14:00,30,0,5.6,南西
2018/8/30 15:00,30,0,6.2,南西
2018/8/30 16:00,29.4,0,5.7,南西
2018/8/30 17:00,28.8,0,6.5,西南西
2018/8/30 18:00,28.5,0,5,西南西
2018/8/30 19:00,28.3,0,3.8,西南西
2018/8/30 20:00,28.2,0,3.3,西南西
2018/8/30 21:00,28.3,0,3.9,西南西
2018/8/30 22:00,28,0,2.8,西南西
2018/8/30 23:00,28,0,3.7,南西
2018/8/31 0:00,27.7,0,3.7,南西
2018/8/31 1:00,27.5,0,3.4,西南西
2018/8/31 2:00,27.4,0,3.4,西南西
2018/8/31 3:00,27.5,0,3,西南西
2018/8/31 4:00,27.3,0,3.2,西南西
2018/8/31 5:00,27.2,0,4,南西
2018/8/31 6:00,27.3,0,3,西南西
2018/8/31 7:00,27.6,0,3.2,西南西
2018/8/31 8:00,28.3,0,4,南西
2018/8/31 9:00,29.6,0,4.5,南西
2018/8/31 10:00,29.6,0,4.8,南西
2018/8/31 11:00,30.1,0,4.5,南南西
2018/8/31 12:00,29.8,0,6.6,南西
2018/8/31 13:00,30.2,0,5.8,南南西
2018/8/31 14:00,30.5,0,5.2,南西
2018/8/31 15:00,30.6,0,5.9,南西
2018/8/31 16:00,30.1,0,6.5,南西
2018/8/31 17:00,28.7,0,5.6,南西
2018/8/31 18:00,28.9,0,4.5,西
2018/8/31 19:00,27.4,5,4.8,西南西
2018/8/31 20:00,27.6,2,2.6,西南西
2018/8/31 21:00,28.1,0,3.2,西南西
2018/8/31 22:00,27.1,0,1.9,南東
2018/8/31 23:00,27.5,0,1.8,南西
2018/9/1 0:00,27.7,0,2.1,西南西
2018/9/1 1:00,27.4,0,2.2,南南西
2018/9/1 2:00,27.6,0,1.6,南西
2018/9/1 3:00,27.3,0,1.8,南西
2018/9/1 4:00,27.3,0,1.8,南西
2018/9/1 5:00,27.4,0,2.2,南西
2018/9/1 6:00,26.2,2,3,西南西
2018/9/1 7:00,26,0,3.9,西北西
2018/9/1 8:00,26.1,0.5,1.6,西
2018/9/1 9:00,26.6,0,1.9,南
2018/9/1 10:00,26.2,0,3,南南西
2018/9/1 11:00,25.4,0,4,南西
2018/9/1 12:00,26.3,0,3.3,南南西
2018/9/1 13:00,27.1,0,4.9,西南西
2018/9/1 14:00,26,0,4.1,北西
2018/9/1 15:00,27,0,2.2,南東
2018/9/1 16:00,27.2,0,2.4,南東
2018/9/1 17:00,26.8,0,2.7,南東
2018/9/1 18:00,26.2,0,2.9,東
2018/9/1 19:00,25.9,0,4.8,北東
2018/9/1 20:00,26.2,0,4.7,北東
2018/9/1 21:00,26.1,0,3.9,北東
2018/9/1 22:00,25.8,0,4.6,東北東
2018/9/1 23:00,25.7,0,3.7,北東
2018/9/2 0:00,25.3,0,3.7,東北東
2018/9/2 1:00,25.2,0,4.3,東北東
2018/9/2 2:00,24.5,0,2.9,東北東
2018/9/2 3:00,24.6,0,2.6,東南東
2018/9/2 4:00,24.5,0,3.7,東北東
2018/9/2 5:00,24.1,0,4.2,東北東
2018/9/2 6:00,24.1,0,2.1,北北東
2018/9/2 7:00,24.9,0,4,東
2018/9/2 8:00,26,0,3.9,東北東
2018/9/2 9:00,27.5,0,4,東北東
2018/9/2 10:00,27.9,0,4,東
2018/9/2 11:00,28.9,0,3.6,東南東
2018/9/2 12:00,28.9,0,2.3,東南東
2018/9/2 13:00,28.8,0,2.5,南西
2018/9/2 14:00,28,0,4.5,南西
2018/9/2 15:00,27.5,0,3.4,西
2018/9/2 16:00,27.8,0,4.9,西南西
2018/9/2 17:00,26.8,0,4.9,南西
2018/9/2 18:00,26.4,0,4,西南西
2018/9/2 19:00,26.1,0,1.8,西南西
2018/9/2 20:00,25.7,0,2.8,南西
2018/9/2 21:00,25.4,0,1.4,西南西
2018/9/2 22:00,25.3,0,1.5,西
2018/9/2 23:00,25,0,1.1,西
2018/9/3 0:00,24.9,0,1.8,西
2018/9/3 1:00,24.5,0,1.6,西南西
2018/9/3 2:00,24.5,0,1.5,北
2018/9/3 3:00,24.4,0,0.3,南西
2018/9/3 4:00,24.4,0,1.4,北
2018/9/3 5:00,24.3,0,2.5,北東
2018/9/3 6:00,24.3,0,3,東北東
2018/9/3 7:00,25.4,0,5.8,東北東
2018/9/3 8:00,26.8,0,4.4,東北東
2018/9/3 9:00,28.3,0,4.5,東北東
2018/9/3 10:00,29.7,0,3.6,東南東
2018/9/3 11:00,30.5,0,2.1,東南東
2018/9/3 12:00,30.8,0,2.9,東南東
2018/9/3 13:00,31.1,0,3.6,南西
2018/9/3 14:00,30.5,0,5,南西
2018/9/3 15:00,30.7,0,6.8,西南西
2018/9/3 16:00,30.5,0,5.7,南西
2018/9/3 17:00,30.3,0,4,南西
2018/9/3 18:00,29.4,0,3.3,南西
2018/9/3 19:00,29.1,0,2.7,南西
2018/9/3 20:00,28.8,0,0.8,西
2018/9/3 21:00,28.5,0,1.3,東南東
2018/9/3 22:00,28.6,0,3.5,東
2018/9/3 23:00,27.9,0,6.7,東北東
2018/9/4 0:00,27.4,0,7.4,北東
2018/9/4 1:00,27.2,0,7.4,北東
2018/9/4 2:00,27.3,0,6.9,北東
2018/9/4 3:00,27.4,0,7.2,北東
2018/9/4 4:00,27.4,0,6.9,北東
2018/9/4 5:00,27.7,0,7.6,北東
2018/9/4 6:00,27.6,0,8.1,北東
2018/9/4 7:00,28.1,0,8.4,北東
2018/9/4 8:00,29.8,0,8.9,東北東
2018/9/4 9:00,29.7,0,8.4,東北東
2018/9/4 10:00,29.5,0,10.3,東北東
2018/9/4 11:00,27.1,1.5,11.8,北東
2018/9/4 12:00,25.6,3.5,19.3,北東
2018/9/4 13:00,25.1,6.5,22.1,東北東
2018/9/4 14:00,26.2,59,16.9,南南西
2018/9/4 15:00,25,7,16.5,南西
2018/9/4 16:00,25.9,6.5,14.2,南西
2018/9/4 17:00,26.5,0,7.5,南西
2018/9/4 18:00,27.1,0.5,5.3,南西
2018/9/4 19:00,27,0,5.9,南西
2018/9/4 20:00,26.9,0,5.3,南西
2018/9/4 21:00,26,0,4.6,南南西
2018/9/4 22:00,26.1,0,3.5,南南西
2018/9/4 23:00,26.1,0,2.8,西南西
2018/9/5 0:00,26.2,0,3.7,西南西
2018/9/5 1:00,26.2,0,3.5,西
2018/9/5 2:00,26.3,0,2.2,西南西
2018/9/5 3:00,25.5,0,1.6,西南西
2018/9/5 4:00,25.5,0,3.1,西南西
2018/9/5 5:00,24.9,0,4,西
2018/9/5 6:00,24.5,0,2.4,西南西
2018/9/5 7:00,25.3,0,2.7,西南西
2018/9/5 8:00,26.7,0,3.4,西南西
2018/9/5 9:00,26.9,0,3.2,西南西
2018/9/5 10:00,27.4,0,3.2,南南西
2018/9/5 11:00,28,0,4.1,南南西
2018/9/5 12:00,29.6,0,5,南西
2018/9/5 13:00,30,0,5.3,南西
2018/9/5 14:00,29.3,0,5.6,南西
2018/9/5 15:00,29.2,0,4,南南西
2018/9/5 16:00,28.6,0,5.4,南西
2018/9/5 17:00,28.7,0,4.5,南南西
2018/9/5 18:00,27.5,0,3.5,南南西
2018/9/5 19:00,27,0,3.8,南南西
2018/9/5 20:00,26.8,0,3.2,南南西
2018/9/5 21:00,26.6,0,3,南西
2018/9/5 22:00,26.3,0,2.1,西南西
2018/9/5 23:00,26,0,2.1,南西
2018/9/6 0:00,25.8,0,2.1,南西
2018/9/6 1:00,25.8,0,3,西南西
2018/9/6 2:00,25.6,0,3.2,西南西
2018/9/6 3:00,25.5,0,2.9,南西
2018/9/6 4:00,25.5,0,2,西南西
2018/9/6 5:00,25.3,0,2.9,西南西
2018/9/6 6:00,25.1,0,2.5,西南西
2018/9/6 7:00,25.3,0,1.8,西
2018/9/6 8:00,26.4,0,1.5,西
2018/9/6 9:00,27.4,0,2.4,南南西
2018/9/6 10:00,26.9,0,2.9,南南西
2018/9/6 11:00,28.2,0,2.5,南南西
2018/9/6 12:00,27.1,0,2.9,南南西
2018/9/6 13:00,28.3,0,2.6,南南西
2018/9/6 14:00,28.9,0,2.3,南西
2018/9/6 15:00,28.5,0,2.7,南南西
2018/9/6 16:00,28.6,0,2.6,西
2018/9/6 17:00,27.8,0,3.2,西南西
2018/9/6 18:00,27.5,0,3.3,西南西
2018/9/6 19:00,27.3,0,3.3,南西
2018/9/6 20:00,25.5,0,5.4,南西
2018/9/6 21:00,25.2,0,3.7,南西
2018/9/6 22:00,25.5,0,1.1,東
2018/9/6 23:00,24.6,1,2.5,南
2018/9/7 0:00,23.9,6,1.5,南南西
2018/9/7 1:00,24.1,0,1.9,北東
2018/9/7 2:00,24.3,0,2.3,東北東
2018/9/7 3:00,24.8,0,3.1,東北東
2018/9/7 4:00,24.7,1,2,北東
2018/9/7 5:00,24.3,2,2.8,東
2018/9/7 6:00,24.5,0,1.6,北
2018/9/7 7:00,26.1,0,5.9,南南西
2018/9/7 8:00,26.3,0.5,7.1,南南西
2018/9/7 9:00,26.7,0,3.8,南西
2018/9/7 10:00,27,0,4.8,南西
2018/9/7 11:00,27.3,0,5.1,南西
2018/9/7 12:00,27.7,0,3.8,南西
2018/9/7 13:00,27.6,0,7.1,南南西
2018/9/7 14:00,27.6,0,6.2,南南西
2018/9/7 15:00,27.3,0,5.9,南南西
2018/9/7 16:00,27.4,0,5.8,南南西
2018/9/7 17:00,27.3,0,5.8,南南西
2018/9/7 18:00,27.2,0,5.4,南南西
2018/9/7 19:00,27.1,0,4.1,南西
2018/9/7 20:00,26.9,0,4.7,南南西
2018/9/7 21:00,25.8,2.5,5.1,南南西
2018/9/7 22:00,25.4,17,4.9,南南西
2018/9/7 23:00,25.1,34.5,3.4,西南西
2018/9/8 0:00,24.8,22,7,南南西
2018/9/8 1:00,25.1,29.5,3.8,南南西
2018/9/8 2:00,26.2,5,8.9,南南西
2018/9/8 3:00,24.9,9.5,6.5,西
2018/9/8 4:00,24.7,0.5,5.2,西南西
2018/9/8 5:00,23.8,0,5.3,西
2018/9/8 6:00,24.2,0,3.1,西南西
2018/9/8 7:00,23.1,1.5,1.3,西北西
2018/9/8 8:00,22.8,1,2.7,北東
2018/9/8 9:00,22.3,3.5,2.8,北東
2018/9/8 10:00,21.9,1.5,4.1,東北東
2018/9/8 11:00,22.7,0.5,1.7,東
2018/9/8 12:00,22,0.5,1.2,東北東
2018/9/8 13:00,22.6,0,1.8,東南東
2018/9/8 14:00,22.7,1,0.9,北東
2018/9/8 15:00,23.2,1,2.3,南東
2018/9/8 16:00,23,0.5,0.9,東北東
2018/9/8 17:00,23.3,0,1.5,北
2018/9/8 18:00,23.8,0,2,北北東
2018/9/8 19:00,23.2,0.5,1.3,北西
2018/9/8 20:00,23.1,1,1.6,東北東
2018/9/8 21:00,22.3,5,2.2,北西
2018/9/8 22:00,23.1,0,2.6,北東
2018/9/8 23:00,23.2,0,5.2,東北東
2018/9/9 0:00,23.6,0,5.5,北東
2018/9/9 1:00,23.5,0.5,5.4,東北東
2018/9/9 2:00,23.6,0,3,北北東
2018/9/9 3:00,23.9,0,2.3,北東
2018/9/9 4:00,24,0.5,1.1,南南西
2018/9/9 5:00,24.3,0,2.2,西
2018/9/9 6:00,24.6,0,1.7,南西
2018/9/9 7:00,25.1,0,1.4,東
2018/9/9 8:00,25.7,0,1.5,東北東
2018/9/9 9:00,24.4,1,4.7,東南東
2018/9/9 10:00,24.6,0,2.8,東北東
2018/9/9 11:00,25.2,1,1.5,東
2018/9/9 12:00,25.6,0.5,1.9,北北東
2018/9/9 13:00,26.2,0,1.1,北西
2018/9/9 14:00,26,1,2.2,北北西
2018/9/9 15:00,25.8,1,3.2,南
2018/9/9 16:00,23.6,4,3.9,南西
2018/9/9 17:00,23.9,3.5,1.7,西
2018/9/9 18:00,24.2,0.5,1,北北西
2018/9/9 19:00,24.3,0.5,1.1,北
2018/9/9 20:00,24.3,0.5,0.8,西北西
2018/9/9 21:00,24.6,0,1.8,東
2018/9/9 22:00,24,3.5,2.4,東北東
2018/9/9 23:00,24,0,3.2,東
2018/9/10 0:00,23.4,1,2.6,東
2018/9/10 1:00,23.6,0,3,北東
2018/9/10 2:00,23.5,6,1.4,北東
2018/9/10 3:00,23.7,3,1.7,南南西
2018/9/10 4:00,23.7,1.5,0.2,静穏
2018/9/10 5:00,23.7,1,0.5,西南西
2018/9/10 6:00,23.2,1,1.1,西南西
2018/9/10 7:00,23.1,2,0.5,南
2018/9/10 8:00,23.5,1,0.9,東南東
2018/9/10 9:00,23.5,2.5,1.9,西南西
2018/9/10 10:00,23,7,2.2,南
2018/9/10 11:00,23,8,2,南東
2018/9/10 12:00,23.3,0,1.8,東南東
2018/9/10 13:00,24.6,0,4.5,北
2018/9/10 14:00,25.8,0,3.8,北
2018/9/10 15:00,25.7,0,5.2,北
2018/9/10 16:00,24.9,0,3,北北東
2018/9/10 17:00,24,0,3.7,北北西
2018/9/10 18:00,23.7,0,3.8,北
2018/9/10 19:00,23.4,0,3.6,北
2018/9/10 20:00,23.6,0,4.4,北北西
2018/9/10 21:00,23,0,2.9,西北西
2018/9/10 22:00,22.9,0,2.4,西北西
2018/9/10 23:00,23.3,0,1.7,南西
2018/9/11 0:00,23.5,0,1.8,南南西
2018/9/11 1:00,23.5,0,3.1,南南東
2018/9/11 2:00,22.9,0,2.2,東南東
2018/9/11 3:00,22.9,0,1.4,南南西
2018/9/11 4:00,22.8,0,1.1,南
2018/9/11 5:00,22.5,0,2,南東
2018/9/11 6:00,22.2,0,1.8,南東
2018/9/11 7:00,23,0,0.9,南南東
2018/9/11 8:00,23.7,0,3,東
2018/9/11 9:00,23.3,0,3.3,東南東
2018/9/11 10:00,24.5,0,2.4,東南東
2018/9/11 11:00,26.1,0,1,東北東
2018/9/11 12:00,26.1,0,2.2,南南西
2018/9/11 13:00,27.1,0,2.7,南南西
2018/9/11 14:00,26.2,0,2.5,南南西
2018/9/11 15:00,27.1,0,1.9,北東
2018/9/11 16:00,26.9,0,1.7,東北東
2018/9/11 17:00,27.1,0,1.7,西
2018/9/11 18:00,26,0,3.1,北北西
2018/9/11 19:00,25.7,0,3.1,北北東
2018/9/11 20:00,25.4,0,2.6,北北東
2018/9/11 21:00,25.5,0,4.9,北東
2018/9/11 22:00,24.8,0,7.6,北東
2018/9/11 23:00,24.5,0,5.9,北東
2018/9/12 0:00,24.4,0,6.7,東北東
2018/9/12 1:00,24.3,0,7.8,北東
2018/9/12 2:00,23.9,0,6.4,東北東
2018/9/12 3:00,22.4,0,6.1,北東
2018/9/12 4:00,22.5,0,7.4,北東
2018/9/12 5:00,22.7,0,7.1,北東
2018/9/12 6:00,22.7,0,8,北東
2018/9/12 7:00,22.6,0.5,9.1,北東
2018/9/12 8:00,22.3,0,9.9,北東
2018/9/12 9:00,22.9,0.5,8.5,北東
2018/9/12 10:00,23.5,0,8.2,東北東
2018/9/12 11:00,24.3,0,8,北東
2018/9/12 12:00,24.9,0,7.5,北東
2018/9/12 13:00,24.5,0,7.5,東北東
2018/9/12 14:00,24.5,0,7.9,東北東
2018/9/12 15:00,24.3,0,7.9,東北東
2018/9/12 16:00,23.8,0,8.2,北東
2018/9/12 17:00,23.4,0,9,北東
2018/9/12 18:00,23.1,0,9.2,北東
2018/9/12 19:00,22.9,0,8.9,北東
2018/9/12 20:00,22.7,0,9.9,北東
2018/9/12 21:00,22.5,0,8.6,北東
2018/9/12 22:00,22.4,0,8.2,北東
2018/9/12 23:00,22.5,0,7.9,北東
2018/9/13 0:00,22.1,0,8.2,北東
2018/9/13 1:00,22.1,0,6.4,北東
2018/9/13 2:00,22.2,0,8.4,北東
2018/9/13 3:00,22.2,0,7.6,北東
2018/9/13 4:00,22.1,0,8.7,北東
2018/9/13 5:00,22.2,0,8.6,北東
2018/9/13 6:00,22.3,0,9.1,北東
2018/9/13 7:00,22.3,0,8.2,北東
2018/9/13 8:00,22.7,0,8,東北東
2018/9/13 9:00,23.2,0,7.9,東北東
2018/9/13 10:00,23.7,0,7.2,東北東
2018/9/13 11:00,24.5,0,7.1,東北東
2018/9/13 12:00,25.5,0,6.2,東北東
2018/9/13 13:00,26,0,5.7,北東
2018/9/13 14:00,25.7,0,3.1,北東
2018/9/13 15:00,26.2,0,4.2,東北東
2018/9/13 16:00,26.1,0,4.1,北東
2018/9/13 17:00,25.8,0,4.4,北東
2018/9/13 18:00,24.9,0,6.1,北東
2018/9/13 19:00,24.2,0,5.8,北東
2018/9/13 20:00,24.1,0,6.4,北東
2018/9/13 21:00,24.1,0,7.6,北東
2018/9/13 22:00,24.3,0,7.4,東北東
2018/9/13 23:00,24.3,0,5.5,北東
2018/9/14 0:00,24.1,0,6.1,北東
2018/9/14 1:00,23.7,0,6.8,北東
2018/9/14 2:00,22.4,1,7.4,北東
2018/9/14 3:00,22,3,6,北東
2018/9/14 4:00,21.8,2.5,7.3,北東
2018/9/14 5:00,22.2,1,5.7,北東
2018/9/14 6:00,22.7,0,7.4,北東
2018/9/14 7:00,23.1,0,7.9,北東
2018/9/14 8:00,23.9,0,7,北東
2018/9/14 9:00,24,0,8.5,北東
2018/9/14 10:00,24.7,0,8.3,東北東
2018/9/14 11:00,26.2,0,7.8,東北東
2018/9/14 12:00,25.4,0,7.9,東北東
2018/9/14 13:00,26,0,6.4,北東
2018/9/14 14:00,26.1,0,6.9,北東
2018/9/14 15:00,25.4,0,7.5,北東
2018/9/14 16:00,25,0,7.8,北東
2018/9/14 17:00,24.7,0,6.8,東北東
2018/9/14 18:00,24.4,0,7.3,北東
2018/9/14 19:00,23.8,0,6.5,北東
2018/9/14 20:00,23,0,5.8,北東
2018/9/14 21:00,22.6,1.5,6.1,北東
2018/9/14 22:00,22.7,0.5,6.4,北東
2018/9/14 23:00,22.6,1,5.7,北東
2018/9/15 0:00,22.7,0,5.9,北東
2018/9/15 1:00,22.9,0,5,東北東
2018/9/15 2:00,23,0,5.1,東北東
2018/9/15 3:00,22.9,0,4.1,東北東
2018/9/15 4:00,23,0,3.9,東北東
2018/9/15 5:00,22.9,0,3.5,東北東
2018/9/15 6:00,23.1,0,1.7,北東
2018/9/15 7:00,23.3,0,1.5,東北東
2018/9/15 8:00,23.8,0,0.9,東南東
2018/9/15 9:00,25.1,0,1.7,東南東
2018/9/15 10:00,26.4,0,4,南西
2018/9/15 11:00,27.1,0,3.2,南西
2018/9/15 12:00,26.9,0,4.8,西南西
2018/9/15 13:00,26.1,0,5,南西
2018/9/15 14:00,26.7,0,4.3,南西
2018/9/15 15:00,26.8,0,3.9,南西
2018/9/15 16:00,26.3,0,4.4,南南西
2018/9/15 17:00,25.8,0,3.2,南南西
2018/9/15 18:00,25.9,0,2.7,西南西
2018/9/15 19:00,26.2,0,2.6,南西
2018/9/15 20:00,25.8,0,2.9,南西
2018/9/15 21:00,25.6,0,3.3,西南西
2018/9/15 22:00,25.5,0,2.8,西南西
2018/9/15 23:00,25.5,0,2.4,西南西
2018/9/16 0:00,25.2,0,2.6,南西
2018/9/16 1:00,24.9,0,2.5,南西
2018/9/16 2:00,25,0,2.2,南南西
2018/9/16 3:00,25,0,2,南西
2018/9/16 4:00,24.8,0,2.2,南西
2018/9/16 5:00,24.8,0,2.3,南南西
2018/9/16 6:00,24.6,0,1.6,南西
2018/9/16 7:00,25.3,0,1.9,南西
2018/9/16 8:00,27.1,0,2.7,南西
2018/9/16 9:00,26.3,0,3.6,南南西
2018/9/16 10:00,28.5,0,4.3,南西
2018/9/16 11:00,28.7,0,4.1,西
2018/9/16 12:00,29.6,0,5.8,南西
2018/9/16 13:00,28.5,0,5.6,南南西
2018/9/16 14:00,28.9,0,4.6,南西
2018/9/16 15:00,28.6,0,4.3,南西
2018/9/16 16:00,29.3,0,4.1,南西
2018/9/16 17:00,29.5,0,3.9,西南西
2018/9/16 18:00,28.9,0,3.5,西北西
2018/9/16 19:00,28.6,0,3.1,西
2018/9/16 20:00,28.3,0,2.5,南
2018/9/16 21:00,28,0,2.1,南西
2018/9/16 22:00,27.6,0,2.7,西
2018/9/16 23:00,27.2,0,2.8,西南西
2018/9/17 0:00,26.7,0,2,西南西
2018/9/17 1:00,26.5,0,3.1,東北東
2018/9/17 2:00,26.3,0,2.3,東北東
2018/9/17 3:00,26,0,1.3,東
2018/9/17 4:00,25.4,0,1.6,南
2018/9/17 5:00,25.5,0,2.1,西南西
2018/9/17 6:00,25.1,0,2.4,西南西
2018/9/17 7:00,25.4,0,1.8,西南西
2018/9/17 8:00,25.3,0,2.6,南西
2018/9/17 9:00,26.6,0,2.2,西
2018/9/17 10:00,26.9,0,2.7,南
2018/9/17 11:00,28.5,0,3.3,南東
2018/9/17 12:00,27.4,0,3.6,北北東
2018/9/17 13:00,27.4,0,1.7,東北東
2018/9/17 14:00,27.6,0,4.1,西北西
2018/9/17 15:00,27.2,0,3.1,北
2018/9/17 16:00,26.4,0,5.3,北
2018/9/17 17:00,25.4,0,2.7,北
2018/9/17 18:00,25.4,0,2,東南東
2018/9/17 19:00,25.6,0,2.1,東
2018/9/17 20:00,25,0,3.4,東
2018/9/17 21:00,24.5,0,5.5,東北東
2018/9/17 22:00,24.3,0,3.6,東南東
2018/9/17 23:00,23.4,0,3.8,東北東
2018/9/18 0:00,23.1,0,1.4,北北東
2018/9/18 1:00,23,0,1.8,東
2018/9/18 2:00,22.9,0,1.9,北北東
2018/9/18 3:00,22.7,0,1.5,北北東
2018/9/18 4:00,22.3,0,1.6,北
2018/9/18 5:00,22.3,0,1.4,東北東
2018/9/18 6:00,22.3,0,0.8,南東
2018/9/18 7:00,22.9,0,0.6,東南東
2018/9/18 8:00,23.8,0,1.4,東北東
2018/9/18 9:00,24.8,0,3.6,東南東
2018/9/18 10:00,26,0,2.1,東南東
2018/9/18 11:00,25.7,0,1.5,東
2018/9/18 12:00,26.8,0,1.3,東
2018/9/18 13:00,27.6,0,1.6,南南西
2018/9/18 14:00,27.4,0,2.8,南
2018/9/18 15:00,27.9,0,3.1,南西
2018/9/18 16:00,27.6,0,3.5,南西
2018/9/18 17:00,27.8,0,2.4,西南西
2018/9/18 18:00,26.9,0,3.2,北西
2018/9/18 19:00,26.4,0,3.4,北
2018/9/18 20:00,26.4,0,3.3,北東
2018/9/18 21:00,26.2,0,3,東北東
2018/9/18 22:00,25.3,0,4.2,北北東
2018/9/18 23:00,24.9,0,4,東北東
2018/9/19 0:00,23.7,0,5.8,東北東
2018/9/19 1:00,23.4,0,3.8,東北東
2018/9/19 2:00,23.2,0,4.2,東北東
2018/9/19 3:00,22.8,0,2.4,東北東
2018/9/19 4:00,22.6,0,0.9,北北東
2018/9/19 5:00,22.3,0,1.6,北
2018/9/19 6:00,22.2,0,2.1,東
2018/9/19 7:00,23,0,1.5,北東
2018/9/19 8:00,23.9,0,1.5,東北東
2018/9/19 9:00,25.1,0,2,東
2018/9/19 10:00,25.6,0,2.2,東南東
2018/9/19 11:00,26.7,0,3.1,東南東
2018/9/19 12:00,27.4,0,2.9,南東
2018/9/19 13:00,28.5,0,2.5,南南西
2018/9/19 14:00,28.2,0,3.7,南南西
2018/9/19 15:00,28.1,0,3.4,南西
2018/9/19 16:00,27.8,0,2.7,南西
2018/9/19 17:00,27.8,0,4.2,北北西
2018/9/19 18:00,26.6,0,2.9,北
2018/9/19 19:00,26.1,0,3.8,北北東
2018/9/19 20:00,25,0,2.4,東北東
2018/9/19 21:00,24.7,0,3.9,東北東
2018/9/19 22:00,24.5,0,4.9,東北東
2018/9/19 23:00,24.7,0,4.9,東北東
2018/9/20 0:00,24.5,0,5,東北東
2018/9/20 1:00,24.4,0,4.4,東北東
2018/9/20 2:00,23.5,0,4.3,東北東
2018/9/20 3:00,23.3,0,4.3,東
2018/9/20 4:00,22.5,0,5.4,北東
2018/9/20 5:00,22.7,0,4,東北東
2018/9/20 6:00,22.3,0,3.4,東
2018/9/20 7:00,22.2,0,3.1,東北東
2018/9/20 8:00,21.8,0,2.9,東
2018/9/20 9:00,20.8,0,1.9,東
2018/9/20 10:00,19.7,2.5,3.7,東北東
2018/9/20 11:00,20.2,2,5.4,東北東
2018/9/20 12:00,20,4,6.1,東北東
2018/9/20 13:00,20.3,4,6.3,北東
2018/9/20 14:00,20.7,2,6.8,東北東
2018/9/20 15:00,20.8,4,6.7,東北東
2018/9/20 16:00,21.2,1.5,6.1,東北東
2018/9/20 17:00,21.7,0.5,6.5,東北東
2018/9/20 18:00,20.9,3,5.7,東北東
2018/9/20 19:00,21.3,0,5.9,東北東
2018/9/20 20:00,21.2,0,7.4,東北東
2018/9/20 21:00,21.2,0,7.4,北東
2018/9/20 22:00,21.5,0,7.7,東北東
2018/9/20 23:00,21.7,0,7.5,東北東
2018/9/21 0:00,22,0,7.7,東北東
2018/9/21 1:00,20.9,5,6.7,北東
2018/9/21 2:00,21.3,1,7.6,東北東
2018/9/21 3:00,21.2,1.5,7.4,東北東
2018/9/21 4:00,21.2,0.5,7.3,東北東
2018/9/21 5:00,21.1,4,7.4,東北東
2018/9/21 6:00,21,1.5,7.3,北東
2018/9/21 7:00,21.1,0.5,6.4,北東
2018/9/21 8:00,21.3,0,6.2,東北東
2018/9/21 9:00,21.7,0,6.2,東北東
2018/9/21 10:00,22.3,0,3.7,東北東
2018/9/21 11:00,23,0,4.1,東北東
2018/9/21 12:00,23.5,0,4.1,東北東
2018/9/21 13:00,24.8,0,2.7,東北東
2018/9/21 14:00,24.9,0,2.9,東南東
2018/9/21 15:00,26.1,0,3.5,東北東
2018/9/21 16:00,26.1,0,3.2,東北東
2018/9/21 17:00,24.9,0.5,2,東
2018/9/21 18:00,24.3,0,3.9,東北東
2018/9/21 19:00,24.4,0,6.5,東北東
2018/9/21 20:00,24.5,0,5.9,北東
2018/9/21 21:00,24.6,0,4.7,東北東
2018/9/21 22:00,24.6,0,4.8,東北東
2018/9/21 23:00,24.7,0,3.4,東北東
2018/9/22 0:00,24.5,0,2.4,北東
2018/9/22 1:00,24.5,0,3,北東
2018/9/22 2:00,24.1,1.5,0.5,南東
2018/9/22 3:00,24.4,7,3.5,南西
2018/9/22 4:00,24.4,2.5,2.1,西南西
2018/9/22 5:00,24.3,0,2,南西
2018/9/22 6:00,24.7,0,2.9,南西
2018/9/22 7:00,25.1,0.5,2.2,西南西
2018/9/22 8:00,24.3,0.5,2.9,北北西
2018/9/22 9:00,25.5,0,2.4,北北西
2018/9/22 10:00,26.4,0,2.8,北北西
2018/9/22 11:00,26.3,0,0.6,南南東
2018/9/22 12:00,26.9,0,1.4,北北西
2018/9/22 13:00,27.9,0,2.8,西北西
2018/9/22 14:00,27.9,0,3.4,南南東
2018/9/22 15:00,27.4,0,2.9,南南東
2018/9/22 16:00,27.2,0,1.2,南西
2018/9/22 17:00,26.6,0,2.5,南西
2018/9/22 18:00,26.2,0,1.2,西南西
2018/9/22 19:00,25.7,0,4,北北東
2018/9/22 20:00,25.1,0,4.9,北北東
2018/9/22 21:00,24.8,0,3.5,北東
2018/9/22 22:00,24.6,0,3.8,北東
2018/9/22 23:00,24,0,2.3,東
2018/9/23 0:00,23.3,0,2.7,東
2018/9/23 1:00,23.1,0,3,東北東
2018/9/23 2:00,23.1,0,3.5,東
2018/9/23 3:00,22.4,0,4.1,東
2018/9/23 4:00,21.7,0,3.6,東北東
2018/9/23 5:00,21,0,2.9,東北東
2018/9/23 6:00,20.9,0,2.9,東
2018/9/23 7:00,21.4,0,1.9,東
2018/9/23 8:00,22.1,0,2,北北東
2018/9/23 9:00,23.8,0,1.6,東北東
2018/9/23 10:00,24,0,1.6,東南東
2018/9/23 11:00,25,0,2.3,東南東
2018/9/23 12:00,26,0,2.4,東南東
2018/9/23 13:00,25.8,0,2.5,南南西
2018/9/23 14:00,25.7,0,2,西南西
2018/9/23 15:00,26.5,0,2.5,西
2018/9/23 16:00,26.2,0,2.8,西北西
2018/9/23 17:00,26,0,1.8,西北西
2018/9/23 18:00,25.5,0,2.1,北西
2018/9/23 19:00,25.1,0,1.2,北北西
2018/9/23 20:00,25.2,0,1.8,北
2018/9/23 21:00,24.4,0,1.7,北北東
2018/9/23 22:00,24,0,1.2,西北西
2018/9/23 23:00,23.6,0,3.7,東北東
2018/9/24 0:00,23.3,0,1.7,北北東
2018/9/24 1:00,22.9,0,0.6,北西
2018/9/24 2:00,22.2,0,1.7,東北東
2018/9/24 3:00,22.3,0,0.5,北北東
2018/9/24 4:00,21.8,0,1.5,東
2018/9/24 5:00,21.9,0,3,北東
2018/9/24 6:00,21.5,0,3,北東
2018/9/24 7:00,22.6,0,2.8,北東
2018/9/24 8:00,23.6,0,1.7,東
2018/9/24 9:00,24.1,0,1,東南東
2018/9/24 10:00,24.2,0,1.4,東南東
2018/9/24 11:00,25,0,1.8,南南東
2018/9/24 12:00,24.4,0,3.1,南南西
2018/9/24 13:00,26.4,0,0.8,北北西
2018/9/24 14:00,26.5,0,1.7,東南東
2018/9/24 15:00,26.7,0,1.3,南南西
2018/9/24 16:00,26.8,0,1.3,西南西
2018/9/24 17:00,26.4,0,3.4,北北西
2018/9/24 18:00,25.7,0,0.7,北北西
2018/9/24 19:00,25.5,0,1,南東
2018/9/24 20:00,24.7,0,0.6,北北西
2018/9/24 21:00,24.7,0,1.9,東南東
2018/9/24 22:00,24.2,0,1.2,西
2018/9/24 23:00,23.9,0,1.7,北
2018/9/25 0:00,23.6,0,0.9,北西
2018/9/25 1:00,23.1,0,0.8,東北東
2018/9/25 2:00,23.4,0,1.9,西
2018/9/25 3:00,22.9,0,1.4,西南西
2018/9/25 4:00,23.2,0,2.8,北
2018/9/25 5:00,21.9,0,2,北東
2018/9/25 6:00,20.4,1,2.4,北北西
2018/9/25 7:00,20,0,1.6,北
2018/9/25 8:00,20.4,0.5,1.3,西北西
2018/9/25 9:00,20.4,0.5,1.5,北北西
2018/9/25 10:00,21.8,0,1.3,北東
2018/9/25 11:00,22.3,0,1.2,東北東
2018/9/25 12:00,23.1,0,1.6,東南東
2018/9/25 13:00,23.6,0,2.7,東南東
2018/9/25 14:00,22.6,0,2.6,南南西
2018/9/25 15:00,23.4,0,1.3,北北東
2018/9/25 16:00,23.6,0,3.4,北
2018/9/25 17:00,23.3,0,5.8,北北東
2018/9/25 18:00,23.1,0,4.5,北北東
2018/9/25 19:00,23,0,1.3,東北東
2018/9/25 20:00,23.1,0,2.9,北北東
2018/9/25 21:00,22.3,0,4.7,東北東
2018/9/25 22:00,22,0,3.6,東北東
2018/9/25 23:00,21.7,0,4.7,北東
2018/9/26 0:00,21.7,0,4.3,東北東
2018/9/26 1:00,21.7,0,2.9,東北東
2018/9/26 2:00,21.4,0,8.3,東北東
2018/9/26 3:00,21.2,0,4,東北東
2018/9/26 4:00,21.3,0,4,東北東
2018/9/26 5:00,20.9,0,5.6,東北東
2018/9/26 6:00,20.2,0,6.4,東
2018/9/26 7:00,20.6,0,2.9,東北東
2018/9/26 8:00,20.8,0,2.9,東
2018/9/26 9:00,22.1,0,2.1,南東
2018/9/26 10:00,23,0,3.6,西
2018/9/26 11:00,24.6,0,1.5,南東
2018/9/26 12:00,24.5,0,1.9,南南東
2018/9/26 13:00,24.7,0,5.7,北東
2018/9/26 14:00,23.5,0,3.7,北北西
2018/9/26 15:00,20.8,1,5,南
2018/9/26 16:00,19.5,2.5,5.6,東南東
2018/9/26 17:00,19.2,0,2.6,東北東
2018/9/26 18:00,19.6,0,1.3,南南西
2018/9/26 19:00,19.7,0.5,2.9,南南東
2018/9/26 20:00,19.5,0,3.5,東南東
2018/9/26 21:00,19.2,0.5,5.2,東
2018/9/26 22:00,18.8,0.5,6.3,東北東
2018/9/26 23:00,18.6,1,6.8,北東
2018/9/27 0:00,18.5,3.5,6.2,北東
2018/9/27 1:00,18.2,4,5.9,北東
2018/9/27 2:00,18,3,7.8,北東
2018/9/27 3:00,18.2,1,2.5,東北東
2018/9/27 4:00,18,1,4.5,北北東
2018/9/27 5:00,18.3,1.5,2.3,北北西
2018/9/27 6:00,17.9,0,2.8,北北東
2018/9/27 7:00,18.1,0,1.5,北
2018/9/27 8:00,19.1,0,1.4,西北西
2018/9/27 9:00,19.7,0,2.1,北北西
2018/9/27 10:00,20.9,0,1.9,南南西
2018/9/27 11:00,21.1,0,2.6,南
2018/9/27 12:00,21.2,0,3,南東
2018/9/27 13:00,21.6,0,2.6,南東
2018/9/27 14:00,22.5,0,2.8,南南西
2018/9/27 15:00,21.8,0,2.5,南西
2018/9/27 16:00,21,1,2.6,西南西
2018/9/27 17:00,21.7,0,6,北
2018/9/27 18:00,21.3,0,3.4,東
2018/9/27 19:00,21.3,0,3.6,北北西
2018/9/27 20:00,21.4,0,5.2,東北東
2018/9/27 21:00,21.5,0,5.5,東
2018/9/27 22:00,20.7,0,3.8,東北東
2018/9/27 23:00,19.4,0,1.5,南南東
2018/9/28 0:00,18.8,0,1.5,南西
2018/9/28 1:00,18.2,0,1.1,北北西
2018/9/28 2:00,18.3,0,1.3,北西
2018/9/28 3:00,17.8,0,1.8,北
2018/9/28 4:00,17.9,0,1.1,西北西
2018/9/28 5:00,17.7,0,1.9,北西
2018/9/28 6:00,17.9,0,1.2,南南東
2018/9/28 7:00,18.8,0,2.2,北東
2018/9/28 8:00,19.4,0,2.2,北東
2018/9/28 9:00,20.6,0,2.5,東南東
2018/9/28 10:00,21.1,0,2.4,東南東
2018/9/28 11:00,22.8,0,1.8,東南東
2018/9/28 12:00,24,0,3.5,東南東
2018/9/28 13:00,25.4,0,1.9,南東
2018/9/28 14:00,24.5,0,4,南南西
2018/9/28 15:00,25.9,0,3.3,南西
2018/9/28 16:00,25.5,0,4.1,南南西
2018/9/28 17:00,25.4,0,3.2,南西
2018/9/28 18:00,24.3,0,2.9,北
2018/9/28 19:00,23.3,0,4.1,北東
2018/9/28 20:00,22.8,0,1.5,北北東
2018/9/28 21:00,22.8,0,5.7,北東
2018/9/28 22:00,22.6,0,5,東北東
2018/9/28 23:00,22.4,0,5.2,東北東
2018/9/29 0:00,22,0,5,東北東
2018/9/29 1:00,21.8,0,5,北東
2018/9/29 2:00,21.4,0,3.8,東北東
2018/9/29 3:00,19.3,2.5,1.2,東
2018/9/29 4:00,17.5,7,0.8,北西
2018/9/29 5:00,16.9,8,3.3,東北東
2018/9/29 6:00,17.1,4,4.6,東北東
2018/9/29 7:00,17.6,3,0.9,西北西
2018/9/29 8:00,18.6,0.5,2,西北西
2018/9/29 9:00,19.3,1.5,5.8,東北東
2018/9/29 10:00,19.9,4.5,5.7,北東
2018/9/29 11:00,20.3,1.5,9.5,東北東
2018/9/29 12:00,20.1,3.5,8.2,北東
2018/9/29 13:00,20.2,1,10.4,北東
2018/9/29 14:00,20,0,9.2,北東
2018/9/29 15:00,20.3,0,10.9,北東
2018/9/29 16:00,20.7,0,11.9,北東
2018/9/29 17:00,20.3,0,10.1,北東
2018/9/29 18:00,20.4,0,10.7,北東
2018/9/29 19:00,19.4,0.5,9.9,北東
2018/9/29 20:00,18.7,3,9.7,北東
2018/9/29 21:00,19,5.5,9.9,北東
2018/9/29 22:00,19.4,4,9.7,北東
2018/9/29 23:00,20,0,11.6,北東
2018/9/30 0:00,20.6,0.5,10.1,北東
2018/9/30 1:00,20.9,0,10.8,北東
2018/9/30 2:00,21.1,0,8.7,北東
2018/9/30 3:00,21.6,0,9,北東
2018/9/30 4:00,21.8,0,10.3,北東
2018/9/30 5:00,22.2,0,10,北東
2018/9/30 6:00,22.4,0,10.3,北東
2018/9/30 7:00,22.5,0,9.9,北東
2018/9/30 8:00,22.9,0,10.8,北東
2018/9/30 9:00,23.5,0,10.6,北東
2018/9/30 10:00,23.9,0,10.8,北東
2018/9/30 11:00,24.3,0,9.9,北東
2018/9/30 12:00,24.7,0,10.1,東北東
2018/9/30 13:00,24.8,0,11.9,北東
2018/9/30 14:00,25.3,0,10.8,北東
2018/9/30 15:00,25.6,0,12.9,北東
2018/9/30 16:00,24.5,2,13.3,北東
2018/9/30 17:00,24.3,8,13.6,北東
2018/9/30 18:00,24.8,6.5,15.3,北東
2018/9/30 19:00,25.1,9,16,北東
2018/9/30 20:00,25.6,9.5,13.1,北北東
2018/9/30 21:00,24.1,3,14.7,北北西
2018/9/30 22:00,23.5,4,15.2,北西
2018/9/30 23:00,24.4,0,9.2,西
2018/10/1 0:00,23.4,0,9.1,西
2018/10/1 1:00,22.1,0.5,7,西
2018/10/1 2:00,22.8,0,8.2,西南西
2018/10/1 3:00,21.7,0.5,7.4,西南西
2018/10/1 4:00,21.5,0,6.4,西
2018/10/1 5:00,21.5,0,5.5,西
2018/10/1 6:00,21.5,0,3.8,西南西
2018/10/1 7:00,21.2,0,5.1,西
2018/10/1 8:00,21.8,0,9.4,西
2018/10/1 9:00,22.3,0,8.1,西
2018/10/1 10:00,22,0,10,西南西
2018/10/1 11:00,22.8,0,9.1,西
2018/10/1 12:00,23.2,0,8.3,西南西
2018/10/1 13:00,23.3,0,6.4,西南西
2018/10/1 14:00,23.7,0,5.9,西南西
2018/10/1 15:00,24.4,0,6.1,西南西
2018/10/1 16:00,23.5,0,5.8,南西
2018/10/1 17:00,23.1,0,5.9,西南西
2018/10/1 18:00,22.2,0,4.3,西南西
2018/10/1 19:00,22.1,0,3.4,西
2018/10/1 20:00,21.5,0,3.4,西北西
2018/10/1 21:00,21.6,0,5,西
2018/10/1 22:00,20.7,0,3.7,西
2018/10/1 23:00,20.5,0,4,西南西
2018/10/2 0:00,19.5,0,3.5,西
2018/10/2 1:00,19.8,0,4.4,西
2018/10/2 2:00,19.1,0,2.5,西
2018/10/2 3:00,18.9,0,2.8,西
2018/10/2 4:00,18.5,0,2.5,北西
2018/10/2 5:00,18.6,0,2.4,西
2018/10/2 6:00,18.7,0,2.3,西南西
2018/10/2 7:00,19.1,0,2.8,西
2018/10/2 8:00,19.7,0,3.1,西
2018/10/2 9:00,21.5,0,3.1,西南西
2018/10/2 10:00,23,0,2.9,西南西
2018/10/2 11:00,22.4,0,5.2,南西
2018/10/2 12:00,22.9,0,5.1,南西
2018/10/2 13:00,23.1,0,5,南南西
2018/10/2 14:00,23.8,0,4.3,南南西
2018/10/2 15:00,23.2,0,3.4,南南西
2018/10/2 16:00,23.5,0,3.1,西
2018/10/2 17:00,23.1,0,1.8,北西
2018/10/2 18:00,22.4,0,1.5,北西
2018/10/2 19:00,21.6,0,0.6,北北西
2018/10/2 20:00,21.5,0,3.1,東
2018/10/2 21:00,21.4,0,3.5,北北東
2018/10/2 22:00,21.2,0,4.6,東北東
2018/10/2 23:00,20.6,0,4.9,北東
2018/10/3 0:00,20.2,0,2.8,北北東
2018/10/3 1:00,19.8,0,2.3,北東
2018/10/3 2:00,19.4,0,2.2,北東
2018/10/3 3:00,19.3,0,2.8,東北東
2018/10/3 4:00,19.1,0,2,北東
2018/10/3 5:00,19,0,1.3,北
2018/10/3 6:00,19.1,0,3.9,東南東
2018/10/3 7:00,19.2,0,4,東北東
2018/10/3 8:00,20.5,0,2.2,北東
2018/10/3 9:00,22,0,2.9,東南東
2018/10/3 10:00,22.8,0,3.6,東南東
2018/10/3 11:00,23.3,0,4,東南東
2018/10/3 12:00,23.7,0,2.4,東南東
2018/10/3 13:00,25,0,1.4,東北東
2018/10/3 14:00,25,0,3.3,南西
2018/10/3 15:00,25.3,0,3.4,南南西
2018/10/3 16:00,24.7,0,3.3,南西
2018/10/3 17:00,24.4,0,3.7,西
2018/10/3 18:00,24.3,0,2.2,北
2018/10/3 19:00,23.9,0,2.7,東北東
2018/10/3 20:00,23.2,0,4,北東
2018/10/3 21:00,22.4,0,4.3,東北東
2018/10/3 22:00,22.1,0,3.6,北東
2018/10/3 23:00,21.2,0,4.3,東北東
2018/10/4 0:00,21,0,3.2,東北東
2018/10/4 1:00,20.4,0,1.7,北東
2018/10/4 2:00,20.5,0,2.3,北
2018/10/4 3:00,20.1,0,1.3,西北西
2018/10/4 4:00,20.5,0,2,南西
2018/10/4 5:00,20.2,0,1.3,北東
2018/10/4 6:00,20.6,0,1.3,南南西
2018/10/4 7:00,20.6,0,2.9,北東
2018/10/4 8:00,21.2,0,3.6,東北東
2018/10/4 9:00,21.5,0,6.2,東北東
2018/10/4 10:00,21.5,0,7.5,東北東
2018/10/4 11:00,21.8,0,6,東北東
2018/10/4 12:00,21.7,0,5,東北東
2018/10/4 13:00,21.6,0,6.4,東北東
2018/10/4 14:00,21.4,0,5.8,東北東
2018/10/4 15:00,21.5,0,5.8,東北東
2018/10/4 16:00,21.4,0,7.2,北東
2018/10/4 17:00,21.5,0.5,7,北東
2018/10/4 18:00,21.5,0,7.4,北東
2018/10/4 19:00,21.6,0,8.2,北東
2018/10/4 20:00,21.5,0,7.8,北東
2018/10/4 21:00,21.6,0,7.6,北東
2018/10/4 22:00,21.1,0,8.4,北東
2018/10/4 23:00,21.1,0,8.9,北東
2018/10/5 0:00,21.4,0,8.8,北東
2018/10/5 1:00,21.5,0,8.5,北東
2018/10/5 2:00,21.6,0,9.5,北東
2018/10/5 3:00,21.6,0,9.5,北東
2018/10/5 4:00,21.4,0,10.2,北東
2018/10/5 5:00,21.5,0,9.9,北東
2018/10/5 6:00,21.6,0,10.4,北東
2018/10/5 7:00,21.8,0,10.7,北東
2018/10/5 8:00,22.4,0,10.8,北東
2018/10/5 9:00,23.5,0,11.7,北東
2018/10/5 10:00,24.7,0,10.5,北東
2018/10/5 11:00,26.3,0,10.9,北東
2018/10/5 12:00,26.6,0,9.5,北東
2018/10/5 13:00,26.7,0,9,東北東
2018/10/5 14:00,26.7,0,8.4,東北東
2018/10/5 15:00,26.9,0,8.6,東北東
2018/10/5 16:00,26.5,0,8.5,東北東
2018/10/5 17:00,25.6,0,9.1,北東
2018/10/5 18:00,25.3,0,8.1,北東
2018/10/5 19:00,25,0,8.7,北東
2018/10/5 20:00,24.6,0,8.6,北東
2018/10/5 21:00,24.9,0,7.8,北東
2018/10/5 22:00,24.9,0,7.5,北東
2018/10/5 23:00,24.7,0,5.2,東北東
2018/10/6 0:00,24.8,0,7.9,北東
2018/10/6 1:00,25,0,7.4,北東
2018/10/6 2:00,25,0,7.6,北東
2018/10/6 3:00,24.9,0,7.4,北東
2018/10/6 4:00,25.4,0,7.1,北東
2018/10/6 5:00,25.4,0,7.3,北東
2018/10/6 6:00,25,0,5.2,東北東
2018/10/6 7:00,25.1,0,4.6,東北東
2018/10/6 8:00,24,5,4.2,東北東
2018/10/6 9:00,25.1,0.5,5.4,北東
2018/10/6 10:00,25.1,0,4,東
2018/10/6 11:00,26.1,0,3.8,東南東
2018/10/6 12:00,27.2,0,3.8,南南西
2018/10/6 13:00,28.1,0,5.5,南南西
2018/10/6 14:00,28,0,6,南南西
2018/10/6 15:00,27.9,0,5.6,南南西
2018/10/6 16:00,27.8,0,7.5,南南西
2018/10/6 17:00,26.9,0,7.1,南南西
2018/10/6 18:00,26.8,0,6.5,南南西
2018/10/6 19:00,26.5,0,6.3,南南西
2018/10/6 20:00,26.3,0,7.7,南南西
2018/10/6 21:00,26.1,0,7,南西
2018/10/6 22:00,25.9,0,8.4,南南西
2018/10/6 23:00,25.7,0,6.1,南西
2018/10/7 0:00,25.4,0,7.6,南西
2018/10/7 1:00,26,0,5.3,西南西
2018/10/7 2:00,25.4,0,5.4,西
2018/10/7 3:00,24.8,0,4.3,西北西
2018/10/7 4:00,24.5,0,4.2,西
2018/10/7 5:00,23.9,0,2.2,西南西
2018/10/7 6:00,23.5,0,2.5,西南西
2018/10/7 7:00,24,0,2,西南西
2018/10/7 8:00,24.8,0,3.1,北東
2018/10/7 9:00,26.2,0,4,東
2018/10/7 10:00,26.3,0,5,東南東
2018/10/7 11:00,25.8,0,3.7,東南東
2018/10/7 12:00,26.8,0,2.5,東南東
2018/10/7 13:00,26.5,0,2.9,南南西
2018/10/7 14:00,26.8,0,3,南南西
2018/10/7 15:00,27.4,0,3,南南西
2018/10/7 16:00,27.2,0,2.4,南
2018/10/7 17:00,26,0,3.9,東南東
2018/10/7 18:00,25.2,0,1.6,北北西
2018/10/7 19:00,25.4,0,3.6,東北東
2018/10/7 20:00,24.5,0,2.8,東南東
2018/10/7 21:00,24,0,3.9,東北東
2018/10/7 22:00,23.7,0,3.9,東北東
2018/10/7 23:00,22.9,0,4.7,東北東
2018/10/8 0:00,22.4,0,4.2,東北東
2018/10/8 1:00,22.1,0,3.2,東北東
2018/10/8 2:00,21.5,0,0.5,西
2018/10/8 3:00,21.8,0,2.6,東北東
2018/10/8 4:00,21.7,0,2.4,北東
2018/10/8 5:00,21.3,0,2,東
2018/10/8 6:00,21.1,0,0.5,南南東
2018/10/8 7:00,21.9,0,3,東北東
2018/10/8 8:00,22.5,0,3.6,東南東
2018/10/8 9:00,23.7,0,5.1,東南東
2018/10/8 10:00,24.1,0,4.6,東南東
2018/10/8 11:00,24.6,0,3.5,東南東
2018/10/8 12:00,25.7,0,1.7,南東
2018/10/8 13:00,26,0,3.5,南南西
2018/10/8 14:00,25.9,0,2.9,南南西
2018/10/8 15:00,25.9,0,3.2,南南西
2018/10/8 16:00,25.8,0,3.1,西南西
2018/10/8 17:00,25.5,0,3.6,西南西
2018/10/8 18:00,24.6,0,3.1,西
2018/10/8 19:00,23.5,0,3.2,北西
2018/10/8 20:00,23.6,0,1.6,北西
2018/10/8 21:00,23.3,0,2.7,東
2018/10/8 22:00,22.6,0,2.9,東北東
2018/10/8 23:00,22.3,0,4.3,東北東
2018/10/9 0:00,21.7,0,5.3,東北東
2018/10/9 1:00,21.3,0,3,北東
2018/10/9 2:00,21.7,0,3.7,東北東
2018/10/9 3:00,21.1,0,3.9,東北東
2018/10/9 4:00,20.7,0,4.4,東北東
2018/10/9 5:00,20.5,0,1.6,東北東
2018/10/9 6:00,20.3,0,2.5,東北東
2018/10/9 7:00,20.8,0,3.5,北東
2018/10/9 8:00,21.3,0,3.7,東北東
2018/10/9 9:00,23.4,0,4.5,東
2018/10/9 10:00,24.3,0,4.2,東
2018/10/9 11:00,24.7,0,4.1,南東
2018/10/9 12:00,25.3,0,3.3,東南東
2018/10/9 13:00,25.3,0,2.4,南東
2018/10/9 14:00,25.5,0,2.2,南西
2018/10/9 15:00,25.9,0,2.1,南南西
2018/10/9 16:00,25.7,0,1.9,南西
2018/10/9 17:00,25.7,0,3,西南西
2018/10/9 18:00,24.7,0,2.3,北西
2018/10/9 19:00,24.6,0,1.2,北北東
2018/10/9 20:00,23.8,0,1.9,北北西
2018/10/9 21:00,23.5,0,3.8,東北東
2018/10/9 22:00,23,0,5.3,東北東
2018/10/9 23:00,22.6,0,5.6,東北東
2018/10/10 0:00,22.4,0,5.6,北東
2018/10/10 1:00,21.9,0,4.9,北東
2018/10/10 2:00,21.7,0,4.6,東北東
2018/10/10 3:00,21.6,0,4.9,東北東
2018/10/10 4:00,21.7,0,3.9,東北東
2018/10/10 5:00,21.6,0,6.1,東北東
2018/10/10 6:00,21.6,0,5.4,東北東
2018/10/10 7:00,21.5,0,5.2,東北東
2018/10/10 8:00,21.9,0,4.7,東北東
2018/10/10 9:00,22.1,0,5.8,東北東
2018/10/10 10:00,22.6,0,5.3,東北東
2018/10/10 11:00,22,0,5.5,北東
2018/10/10 12:00,21.3,0.5,1.9,西北西
2018/10/10 13:00,19.9,9,1.7,北西
2018/10/10 14:00,19.6,3,4.1,東
2018/10/10 15:00,20.4,0.5,3,東北東
2018/10/10 16:00,20.8,0,2.8,東
2018/10/10 17:00,20.9,0,2.5,東北東
2018/10/10 18:00,20.8,0,3.2,北東
2018/10/10 19:00,21,0,0.6,北東
2018/10/10 20:00,21.2,0,1.3,東
2018/10/10 21:00,21.1,0,1.5,東
2018/10/10 22:00,21.1,0,2.2,東
2018/10/10 23:00,21.1,0,0.5,東南東
2018/10/11 0:00,20.9,0.5,1.9,南西
2018/10/11 1:00,19.5,2,2.9,西北西
2018/10/11 2:00,19.5,0.5,1.7,南東
2018/10/11 3:00,19,1,1,北
2018/10/11 4:00,18.8,0.5,0.7,西
2018/10/11 5:00,18.4,0.5,2.2,東北東
2018/10/11 6:00,18.4,1,0.1,静穏
2018/10/11 7:00,18.6,0,0.3,南南西
2018/10/11 8:00,18.2,1.5,2.3,西南西
2018/10/11 9:00,18.2,1,1.8,西南西
2018/10/11 10:00,18.1,0.5,2.1,南西
2018/10/11 11:00,18.3,0.5,1,東南東
2018/10/11 12:00,18.4,0,2,南
2018/10/11 13:00,18.9,0,2,南西
2018/10/11 14:00,19.4,0,3.7,西南西
2018/10/11 15:00,18.9,0,2.1,西
2018/10/11 16:00,18.7,0,2.8,西南西
2018/10/11 17:00,18,0,3.3,西北西
2018/10/11 18:00,18,0,3.7,西北西
2018/10/11 19:00,17.9,0,4.7,西北西
2018/10/11 20:00,17.5,0.5,2,南南西
2018/10/11 21:00,18,0,2.8,西
2018/10/11 22:00,18,0,2.1,西南西
2018/10/11 23:00,18.6,0,2.7,北北西
2018/10/12 0:00,18.2,0,3.1,北北西
2018/10/12 1:00,17.8,0,4,北
2018/10/12 2:00,17.3,0,3.2,北東
2018/10/12 3:00,17.3,0,2.1,東
2018/10/12 4:00,17,0,3.8,北東
2018/10/12 5:00,16.9,0,0.9,西北西
2018/10/12 6:00,16.8,0,1.7,南
2018/10/12 7:00,16.8,0,3.6,北北東
2018/10/12 8:00,17.1,0,2.4,北北東
2018/10/12 9:00,17.6,0,1.5,南東
2018/10/12 10:00,18.2,0,1.7,北北西
2018/10/12 11:00,19.3,0,5.3,北北西
2018/10/12 12:00,19.8,0,7.6,北北西
2018/10/12 13:00,20.5,0,5.7,北北西
2018/10/12 14:00,20.7,0,1.6,北
2018/10/12 15:00,20.4,0,3.9,北
2018/10/12 16:00,19.3,0,7.1,北
2018/10/12 17:00,18.3,0,5.1,北
2018/10/12 18:00,17.9,0,3,北北東
2018/10/12 19:00,17.7,0,3,東北東
2018/10/12 20:00,17.5,0,0.9,南西
2018/10/12 21:00,17.4,0,2.2,東
2018/10/12 22:00,17.7,0,3.2,東
2018/10/12 23:00,17.7,0,1.9,東北東
2018/10/13 0:00,17,0,5.3,東北東
2018/10/13 1:00,16.9,0,3.5,東北東
2018/10/13 2:00,16.7,0,2.7,東北東
2018/10/13 3:00,16.5,0,1.4,東北東
2018/10/13 4:00,16.4,0,2.9,東
2018/10/13 5:00,15.9,0,4.2,東
2018/10/13 6:00,15,0,1.7,東北東
2018/10/13 7:00,15.3,0,1.6,北北東
2018/10/13 8:00,16.3,0,2.3,東北東
2018/10/13 9:00,17.3,0,0.6,東北東
2018/10/13 10:00,18.5,0,1.3,東南東
2018/10/13 11:00,19.4,0,2.6,東南東
2018/10/13 12:00,20,0,2.2,東南東
2018/10/13 13:00,20.9,0,1.5,南
2018/10/13 14:00,21.3,0,2.3,南西
2018/10/13 15:00,22.5,0,2.8,南西
2018/10/13 16:00,22.7,0,2.6,南西
2018/10/13 17:00,21.7,0,4.3,東北東
2018/10/13 18:00,20.8,0,4,北
2018/10/13 19:00,20.2,0,3.3,北北東
2018/10/13 20:00,20,0,2.2,東北東
2018/10/13 21:00,19.9,0,2.3,東北東
2018/10/13 22:00,19.3,0,1.6,東
2018/10/13 23:00,19.2,0,1.8,北北東
2018/10/14 0:00,18.9,0,0.8,北西
2018/10/14 1:00,18.6,0,0.8,西北西
2018/10/14 2:00,18.4,0,1.2,北北西
2018/10/14 3:00,18.2,0,0.8,北西
2018/10/14 4:00,17.8,0,1.4,北北西
2018/10/14 5:00,17.5,0,1.2,北西
2018/10/14 6:00,17.5,0,1.7,北北西
2018/10/14 7:00,17.8,0,1.4,西南西
2018/10/14 8:00,19.2,0,1.5,南南西
2018/10/14 9:00,20.2,0,2,南南東
2018/10/14 10:00,20.8,0,2.5,南南東
2018/10/14 11:00,21.4,0,2.9,南東
2018/10/14 12:00,22,0,3.3,南東
2018/10/14 13:00,22.2,0,3.4,南南西
2018/10/14 14:00,22.9,0,2.6,南南西
2018/10/14 15:00,21.8,0,2.8,南南西
2018/10/14 16:00,21.8,0,3.5,南南西
2018/10/14 17:00,21.7,0,3.7,西
2018/10/14 18:00,20.7,0,2.7,西南西
2018/10/14 19:00,20.8,0,1.9,西北西
2018/10/14 20:00,20.2,0,0.8,北北東
2018/10/14 21:00,19.8,0,0.7,北西
2018/10/14 22:00,19.9,0,4.2,北東
2018/10/14 23:00,19.8,0,4.1,北東
2018/10/15 0:00,19.8,0,5.5,北東
2018/10/15 1:00,19.6,0,6.6,東北東
2018/10/15 2:00,19.3,0,6.4,北東
2018/10/15 3:00,19.3,0,5.3,北東
2018/10/15 4:00,19.1,0,5.1,北東
2018/10/15 5:00,19,0,4,東北東
2018/10/15 6:00,19,0,3.3,東
2018/10/15 7:00,18.8,0,3.9,東北東
2018/10/15 8:00,19,0,4.2,東北東
2018/10/15 9:00,19.8,0,3.6,北東
2018/10/15 10:00,20.7,0,2.2,東
2018/10/15 11:00,21.6,0,2.4,東南東
2018/10/15 12:00,21.8,0,4.9,東南東
2018/10/15 13:00,22.3,0,3.4,東南東
2018/10/15 14:00,22.1,0,1.8,南南西
2018/10/15 15:00,22,0,3.1,南南西
2018/10/15 16:00,21.9,0,2.6,南南西
2018/10/15 17:00,21.5,0,2.3,南西
2018/10/15 18:00,20.7,0,2,西南西
2018/10/15 19:00,20,0,1.8,北西
2018/10/15 20:00,19.8,0,1.4,北北東
2018/10/15 21:00,19.4,0,1.8,北北東
2018/10/15 22:00,19.4,0,3.7,北東
2018/10/15 23:00,18.8,0,3,北東
2018/10/16 0:00,18.6,0,2.2,北東
2018/10/16 1:00,18.2,0,3.2,東北東
2018/10/16 2:00,18,0,2.4,北北東
2018/10/16 3:00,17.5,0,2.7,北東
2018/10/16 4:00,17.5,0,3.5,東北東
2018/10/16 5:00,16.9,0,3.1,北東
2018/10/16 6:00,16.9,0,2.8,北東
2018/10/16 7:00,17.2,0,4.1,東北東
2018/10/16 8:00,17.6,0,5.3,東北東
2018/10/16 9:00,18.6,0,3.3,東北東
2018/10/16 10:00,19.8,0,4.5,東
2018/10/16 11:00,20.3,0,3.5,東
2018/10/16 12:00,22,0,3.7,東
2018/10/16 13:00,21.8,0,3.3,東南東
2018/10/16 14:00,22.2,0,3.2,南東
2018/10/16 15:00,22.2,0,3.1,南東
2018/10/16 16:00,22.2,0,2.8,東南東
2018/10/16 17:00,22.1,0,4,北北東
2018/10/16 18:00,21.1,0,2,北
2018/10/16 19:00,20.9,0,2.2,北
2018/10/16 20:00,20.6,0,4.6,東北東
2018/10/16 21:00,20.1,0,4.5,北東
2018/10/16 22:00,19.7,0,4.1,東北東
2018/10/16 23:00,19.8,0,2.1,東北東
2018/10/17 0:00,18.6,0,5.1,北
2018/10/17 1:00,18,0,2.5,北東
2018/10/17 2:00,18.2,0,1.3,北北西
2018/10/17 3:00,18.3,0,3.3,北
2018/10/17 4:00,18.4,0,2.7,東
2018/10/17 5:00,18.1,0,1.7,北
2018/10/17 6:00,18.1,0,4,東北東
2018/10/17 7:00,18.2,0,1.4,北北東
2018/10/17 8:00,19.3,0,0.7,東
2018/10/17 9:00,19.7,0,2.2,南西
2018/10/17 10:00,21.3,0,1.8,南
2018/10/17 11:00,21.1,0,3.8,南東
2018/10/17 12:00,21.6,0,3,南南東
2018/10/17 13:00,21.8,0,3.5,南南東
2018/10/17 14:00,21.7,0,1.5,北北西
2018/10/17 15:00,22.3,0,5.3,北
2018/10/17 16:00,20.7,0,4.6,北
2018/10/17 17:00,20.4,0,2.3,北北東
2018/10/17 18:00,19.8,0,3.6,北東
2018/10/17 19:00,19.6,0,2.8,北東
2018/10/17 20:00,19.8,0,3.6,北東
2018/10/17 21:00,19.3,0,3.5,北東
2018/10/17 22:00,18.7,0,2.5,北
2018/10/17 23:00,18.6,0,1,北東
2018/10/18 0:00,18.2,0,2.1,北東
2018/10/18 1:00,17.7,0,1.1,北北西
2018/10/18 2:00,17.5,0,2.1,北東
2018/10/18 3:00,17,0,3.8,北東
2018/10/18 4:00,16.5,0,2.5,北東
2018/10/18 5:00,15.7,0,1.6,北
2018/10/18 6:00,15.9,0,1.7,北北東
2018/10/18 7:00,16.2,0,2.9,北東
2018/10/18 8:00,17.5,0,1.3,東
2018/10/18 9:00,18.8,0,0.7,北
2018/10/18 10:00,19.4,0,2.5,東南東
2018/10/18 11:00,21.1,0,1.7,東南東
2018/10/18 12:00,21,0,3,南南西
2018/10/18 13:00,21.6,0,3.5,南南西
2018/10/18 14:00,22.9,0,4.2,南南西
2018/10/18 15:00,23.5,0,4.4,南西
2018/10/18 16:00,23,0,2.6,南西
2018/10/18 17:00,22,0,3.6,南南西
2018/10/18 18:00,20.7,0,3.4,南西
2018/10/18 19:00,19.7,0,1.7,北西
2018/10/18 20:00,19.9,0,1.5,西
2018/10/18 21:00,20,0,2.2,西北西
2018/10/18 22:00,19.9,0,1.2,東
2018/10/18 23:00,18.9,0,0.6,北西
2018/10/19 0:00,18.1,0,2.2,北東
2018/10/19 1:00,18,0,2,北
2018/10/19 2:00,17.8,0,1.2,北北東
2018/10/19 3:00,17.4,0,1.1,北
2018/10/19 4:00,17.3,0,1.4,北
2018/10/19 5:00,17.2,0,1.9,北北東
2018/10/19 6:00,16.6,0,1.2,北北西
2018/10/19 7:00,17.2,0,0.8,北北西
2018/10/19 8:00,18.3,0,0.9,東
2018/10/19 9:00,18.7,0,4.2,北西
2018/10/19 10:00,21,0,2.7,西
2018/10/19 11:00,22,0,2.5,南西
2018/10/19 12:00,22.9,0,4.5,南西
2018/10/19 13:00,23.3,0,4.2,西南西
2018/10/19 14:00,22.7,0,3.4,西
2018/10/19 15:00,22.9,0,3.2,西北西
2018/10/19 16:00,22.2,0,3.5,西北西
2018/10/19 17:00,21.7,0,2.8,西北西
2018/10/19 18:00,20.6,0,3.7,西
2018/10/19 19:00,19.8,0,2.2,西北西
2018/10/19 20:00,19.3,0,5.8,北北東
2018/10/19 21:00,19.1,0,1.4,北
2018/10/19 22:00,19,0,4.7,北北東
2018/10/19 23:00,18.2,0,3.7,北東
2018/10/20 0:00,18.1,0,1.8,北北西
2018/10/20 1:00,18.2,0,3.1,北北東
2018/10/20 2:00,17.9,0,4.9,北北東
2018/10/20 3:00,17.7,0,3.6,北北東
2018/10/20 4:00,17.5,0,4.3,北北西
2018/10/20 5:00,17.3,0,4.3,西
2018/10/20 6:00,17.2,0,2.7,西北西
2018/10/20 7:00,17.2,0,1.9,北東
2018/10/20 8:00,17.4,0,3.4,北西
2018/10/20 9:00,17.7,0,2.7,東北東
2018/10/20 10:00,17.9,0,4.4,北
2018/10/20 11:00,18.8,0,6.3,北
2018/10/20 12:00,19.6,0,4.7,北北西
2018/10/20 13:00,20.6,0,4,北北西
2018/10/20 14:00,19.8,0,6,北
2018/10/20 15:00,19.5,0,3.8,北北西
2018/10/20 16:00,19.1,0,6.6,北北西
2018/10/20 17:00,18.5,0,5.1,北北東
2018/10/20 18:00,17.7,0,4.9,北東
2018/10/20 19:00,16.7,0,3.4,北西
2018/10/20 20:00,16.4,0,2,西
2018/10/20 21:00,16,0,2.8,西北西
2018/10/20 22:00,15,0,3.4,西北西
2018/10/20 23:00,14.9,0,3.4,西北西
2018/10/21 0:00,14.6,0,1.4,北北西
2018/10/21 1:00,14.2,0,3.2,西北西
2018/10/21 2:00,14.4,0,3.8,西
2018/10/21 3:00,13.8,0,4.5,西
2018/10/21 4:00,13.8,0,4.1,西北西
2018/10/21 5:00,13.9,0,4.9,西
2018/10/21 6:00,13.7,0,3.5,西南西
2018/10/21 7:00,14.1,0,0.7,北東
2018/10/21 8:00,15.4,0,3.2,北東
2018/10/21 9:00,16.2,0,1.9,東
2018/10/21 10:00,17.7,0,2.5,東南東
2018/10/21 11:00,18.4,0,3.5,東南東
2018/10/21 12:00,19.4,0,2,東南東
2018/10/21 13:00,20,0,1.5,東南東
2018/10/21 14:00,20,0,2.5,南
2018/10/21 15:00,20.5,0,2.5,南西
2018/10/21 16:00,20.2,0,3.6,南西
2018/10/21 17:00,20.6,0,2.7,北
2018/10/21 18:00,19.8,0,3.5,北東
2018/10/21 19:00,19.4,0,3.1,北
2018/10/21 20:00,18.4,0,3.2,北東
2018/10/21 21:00,17.6,0,2.2,北東
2018/10/21 22:00,17.1,0,1.4,北北西
2018/10/21 23:00,16.4,0,2.5,北東
2018/10/22 0:00,16.2,0,4.1,北東
2018/10/22 1:00,16.4,0,3.7,北北東
2018/10/22 2:00,15.8,0,2.5,北東
2018/10/22 3:00,15.1,0,3.5,北東
2018/10/22 4:00,14.9,0,2.3,北北東
2018/10/22 5:00,14.7,0,2.6,東北東
2018/10/22 6:00,14.1,0,2.3,北北東
2018/10/22 7:00,15.1,0,4.3,北東
2018/10/22 8:00,17.4,0,6.3,東北東
2018/10/22 9:00,18.6,0,5.7,東北東
2018/10/22 10:00,19.9,0,4.3,東北東
2018/10/22 11:00,21.4,0,2.1,東
2018/10/22 12:00,21.5,0,1.7,東
2018/10/22 13:00,22.2,0,1.9,東
2018/10/22 14:00,21.7,0,1.9,東南東
2018/10/22 15:00,21.8,0,2.9,南西
2018/10/22 16:00,21.8,0,3,西
2018/10/22 17:00,21.1,0,2.5,西南西
2018/10/22 18:00,20.3,0,1.6,西
2018/10/22 19:00,19.9,0,2,北
2018/10/22 20:00,20.2,0,3.2,北北東
2018/10/22 21:00,19.2,0,5.3,北東
2018/10/22 22:00,19.1,0,5.9,北東
2018/10/22 23:00,18.4,0,4.9,北東
2018/10/23 0:00,18.1,0,6.5,北東
2018/10/23 1:00,18.4,0,5.1,北東
2018/10/23 2:00,18.2,0,5.5,北東
2018/10/23 3:00,18.4,0,6.6,北東
2018/10/23 4:00,18.2,0,7.9,北東
2018/10/23 5:00,18.2,0,8,北東
2018/10/23 6:00,18.3,0,6.6,北東
2018/10/23 7:00,18.4,0,7.2,北東
2018/10/23 8:00,18.8,0,7.1,北東
2018/10/23 9:00,19,0,6.8,東北東
2018/10/23 10:00,19.6,0,5.9,東北東
2018/10/23 11:00,20.2,0,5.2,東北東
2018/10/23 12:00,20.5,0,4.1,東北東
2018/10/23 13:00,20.2,0,3.9,東北東
2018/10/23 14:00,20.1,0,4.9,東北東
2018/10/23 15:00,20.2,0,4.9,東北東
2018/10/23 16:00,19.8,0,4.6,北東
2018/10/23 17:00,19.9,0,5.5,北東
2018/10/23 18:00,19.3,0,6.9,北東
2018/10/23 19:00,18.3,0.5,4.2,北東
2018/10/23 20:00,17.5,2,3.9,北東
2018/10/23 21:00,17.3,1,6.3,東北東
2018/10/23 22:00,17.7,0,5.1,東北東
2018/10/23 23:00,17.8,0,5.7,北東
2018/10/24 0:00,17.9,0,3.3,北北東
2018/10/24 1:00,17.5,0.5,1.9,北北東
2018/10/24 2:00,17.3,0,0.4,南西
2018/10/24 3:00,17.2,0,1.3,北
2018/10/24 4:00,17.3,0,2.5,東
2018/10/24 5:00,17.3,0,4,東
2018/10/24 6:00,17.3,0,2.7,東
2018/10/24 7:00,17.3,0,2.5,北東
2018/10/24 8:00,18,0,2.1,南東
2018/10/24 9:00,19,0,3.3,東
2018/10/24 10:00,20.9,0,1.7,西北西
2018/10/24 11:00,22.2,0,1,東
2018/10/24 12:00,22.4,0,1.6,東北東
2018/10/24 13:00,22.4,0,2.7,北西
2018/10/24 14:00,23.1,0,2.6,北
2018/10/24 15:00,22.4,0,6.2,北北西
2018/10/24 16:00,21.8,0,6.4,北
2018/10/24 17:00,20.8,0,5,北北東
2018/10/24 18:00,19.5,0,6.2,北北東
2018/10/24 19:00,18.8,0,7.1,北北東
2018/10/24 20:00,18.3,0,6.7,北北東
2018/10/24 21:00,18.4,0,2.7,北北東
2018/10/24 22:00,17.8,0,3.6,北北東
2018/10/24 23:00,17.8,0,3.3,北北東
2018/10/25 0:00,17.9,0,3.3,北
2018/10/25 1:00,17.5,0,0.9,北北東
2018/10/25 2:00,17.1,0,2.1,北
2018/10/25 3:00,16.5,0,1.6,南南東
2018/10/25 4:00,15.7,0,1.1,北西
2018/10/25 5:00,15.1,0,1.4,北
2018/10/25 6:00,15.2,0,0.9,南西
2018/10/25 7:00,15.4,0,0.9,東
2018/10/25 8:00,16.8,0,2.1,東
2018/10/25 9:00,17.4,0,1.8,東南東
2018/10/25 10:00,19.1,0,1,東南東
2018/10/25 11:00,20.6,0,2.3,北北東
2018/10/25 12:00,21.1,0,3.5,南南東
2018/10/25 13:00,20.7,0,2.2,南東
2018/10/25 14:00,21.7,0,1.2,北東
2018/10/25 15:00,21.8,0,1.4,北北西
2018/10/25 16:00,21,0,4.4,北北西
2018/10/25 17:00,19.9,0,3.9,北北西
2018/10/25 18:00,18.9,0,3.4,北北東
2018/10/25 19:00,18.5,0,2.4,北
2018/10/25 20:00,18,0,3.2,北北東
2018/10/25 21:00,17.7,0,3.9,北東
2018/10/25 22:00,16.9,0,3.5,東北東
2018/10/25 23:00,16.1,0,4,北東
2018/10/26 0:00,15.6,0,5.1,東北東
2018/10/26 1:00,15.2,0,4,北東
2018/10/26 2:00,15.2,0,3.2,北東
2018/10/26 3:00,15.2,0,4.9,北東
2018/10/26 4:00,15.6,0,4.6,北東
2018/10/26 5:00,15.5,0,5.6,東北東
2018/10/26 6:00,15.3,0,6.4,東北東
2018/10/26 7:00,15.9,0,6.2,東北東
2018/10/26 8:00,17.5,0,5.3,東北東
2018/10/26 9:00,19.1,0,5.4,東北東
2018/10/26 10:00,20.3,0,3.7,東北東
2018/10/26 11:00,20.7,0,1.9,東
2018/10/26 12:00,21.3,0,1.2,東北東
2018/10/26 13:00,22.2,0,1.7,西南西
2018/10/26 14:00,22.2,0,2.7,西南西
2018/10/26 15:00,22.6,0,1.8,西
2018/10/26 16:00,22.3,0,1.2,北北西
2018/10/26 17:00,22,0,1.7,西
2018/10/26 18:00,21,0,1.9,西
2018/10/26 19:00,20.1,0,2.1,北西
2018/10/26 20:00,19.1,2,2.7,北北東
2018/10/26 21:00,19,2,4.2,北北東
2018/10/26 22:00,19,1,4,東南東
2018/10/26 23:00,19.5,0.5,7.6,東南東
2018/10/27 0:00,18.7,0.5,5.1,東北東
2018/10/27 1:00,17.8,1.5,4,北北東
2018/10/27 2:00,17.7,2,4.4,北北東
2018/10/27 3:00,17.4,2,4,北北東
2018/10/27 4:00,17.7,0,2.3,北北東
2018/10/27 5:00,18.4,1.5,2.7,西
2018/10/27 6:00,19.1,0,3.4,西
2018/10/27 7:00,19.2,0,3.8,西
2018/10/27 8:00,19.3,0,3.3,西南西
2018/10/27 9:00,20.1,0,3.5,西北西
2018/10/27 10:00,20.6,0,5.9,西
2018/10/27 11:00,21.1,0,9.2,西
2018/10/27 12:00,22,0,8.1,西
2018/10/27 13:00,21.6,0,7.2,西
2018/10/27 14:00,21.4,0,7,西
2018/10/27 15:00,20.7,0,8.4,西
2018/10/27 16:00,19.6,0,5.6,西
2018/10/27 17:00,18.6,0,5.5,西北西
2018/10/27 18:00,17.7,0,3.8,西北西
2018/10/27 19:00,16.8,0,4.6,北西
2018/10/27 20:00,16.8,0,3.7,西北西
2018/10/27 21:00,16.1,0,1.9,西北西
2018/10/27 22:00,16.1,0,2.5,西北西
2018/10/27 23:00,15.8,0,3.1,西北西
2018/10/28 0:00,15.3,0,3.6,西北西
2018/10/28 1:00,15,0,3.6,北西
2018/10/28 2:00,14.9,0,2.2,北西
2018/10/28 3:00,14.6,0,3.1,西
2018/10/28 4:00,14.4,0,3,西北西
2018/10/28 5:00,14.4,0,2.7,西
2018/10/28 6:00,14.5,0,2.8,西南西
2018/10/28 7:00,14.7,0,4.1,西北西
2018/10/28 8:00,16.1,0,4.7,西南西
2018/10/28 9:00,17.2,0,4,西
2018/10/28 10:00,18.1,0,3.9,西南西
2018/10/28 11:00,18.4,0,4.1,西
2018/10/28 12:00,19,0,4.8,西
2018/10/28 13:00,19.2,0,6.3,西
2018/10/28 14:00,19.3,0,4.4,西南西
2018/10/28 15:00,19.5,0,5.4,西南西
2018/10/28 16:00,18.9,0,4.2,西南西
2018/10/28 17:00,18.6,0,3.8,西南西
2018/10/28 18:00,17.1,0,2.5,西
2018/10/28 19:00,16.6,0,2.5,西南西
2018/10/28 20:00,17.1,0,3.2,西
2018/10/28 21:00,17,0,2.9,西
2018/10/28 22:00,17.3,0,2.9,西
2018/10/28 23:00,16,0,3.1,西北西
2018/10/29 0:00,15.5,0,3.4,西
2018/10/29 1:00,15.4,0,2.2,西南西
2018/10/29 2:00,15.2,0,1.3,北北西
2018/10/29 3:00,15.1,0,2.2,西北西
2018/10/29 4:00,14.8,0,2.3,西
2018/10/29 5:00,15.7,0,2.3,西
2018/10/29 6:00,16.5,0,2.2,西
2018/10/29 7:00,16.7,0,1.5,西
2018/10/29 8:00,16.7,0,2.7,北西
2018/10/29 9:00,15.7,0,3.2,西北西
2018/10/29 10:00,17.2,0,2.9,南南西
2018/10/29 11:00,19.1,0,4.1,西南西
2018/10/29 12:00,19.7,0,4.5,南南西
2018/10/29 13:00,19.7,0,4,南西
2018/10/29 14:00,20.3,0,5.3,南西
2018/10/29 15:00,19.9,0,4.9,南西
2018/10/29 16:00,19.7,0,4.9,西南西
2018/10/29 17:00,19.5,0,4.1,南西
2018/10/29 18:00,17.6,0,2.7,西
2018/10/29 19:00,17.2,0,1.8,西南西
2018/10/29 20:00,17.6,0,2.5,西
2018/10/29 21:00,18,0,2.6,西南西
2018/10/29 22:00,17.5,0,5.4,南西
2018/10/29 23:00,17.4,0,2.1,西北西
2018/10/30 0:00,17.5,0,4.6,西南西
2018/10/30 1:00,17.8,0,5,南西
2018/10/30 2:00,16.9,0,7.7,北西
2018/10/30 3:00,16.6,0,4.8,西
2018/10/30 4:00,16,0,4.7,西南西
2018/10/30 5:00,15.7,0,3.3,西
2018/10/30 6:00,15.6,0,3.5,西
2018/10/30 7:00,15.8,0,3.7,西南西
2018/10/30 8:00,16.6,0,3.4,西南西
2018/10/30 9:00,17.2,0,3.2,西南西
2018/10/30 10:00,18,0,5.9,西
2018/10/30 11:00,18.7,0,,
2018/10/30 12:00,19.2,0,5.7,西
2018/10/30 13:00,19.2,0,5.4,西南西
2018/10/30 14:00,19.5,0,6.4,西
2018/10/30 15:00,18.9,0,6.1,西
2018/10/30 16:00,18.6,0,5.7,西
2018/10/30 17:00,17.9,0,3.6,西北西
2018/10/30 18:00,16.4,0,3.5,北北西
2018/10/30 19:00,15.8,0,1.2,北
2018/10/30 20:00,15.9,0,3.1,北北西
2018/10/30 21:00,15.3,0,2.5,北西
2018/10/30 22:00,15.4,0,1.4,西北西
2018/10/30 23:00,15.2,0,2.3,西北西
2018/10/31 0:00,15.4,0,2.5,西北西
2018/10/31 1:00,15.1,0,1.2,西
2018/10/31 2:00,14.2,0,2,北西
2018/10/31 3:00,14.4,0,2.4,西北西
2018/10/31 4:00,13.6,0,2.9,北西
2018/10/31 5:00,13.9,0,1.9,西
2018/10/31 6:00,13.7,0,2.3,西北西
2018/10/31 7:00,13.9,0,2.7,西北西
2018/10/31 8:00,13.9,0,2.9,南西
2018/10/31 9:00,14.6,0,3.4,西南西
2018/10/31 10:00,15.6,0,3.2,西南西
2018/10/31 11:00,15.5,0,4.8,西
2018/10/31 12:00,16.3,0,4.7,西
2018/10/31 13:00,16.5,0,5.1,西
2018/10/31 14:00,16.8,0,4.6,西
2018/10/31 15:00,16.1,0,4.5,西
2018/10/31 16:00,15.8,0,3.6,西北西
2018/10/31 17:00,15.1,0,3.6,北北東
2018/10/31 18:00,14.8,0,2.8,北
2018/10/31 19:00,14.5,0,3.6,北北西
2018/10/31 20:00,14.3,0,1.8,北西
2018/10/31 21:00,13.8,0,2.2,北北西
2018/10/31 22:00,13.5,0,2,西
2018/10/31 23:00,13.7,0,1.3,南南東
2018/11/1 0:00,14.2,0,3.1,南
2018/11/1 1:00,14.2,0,3.2,東
2018/11/1 2:00,13.9,0,2.7,東
2018/11/1 3:00,13.8,0,2,南南西
2018/11/1 4:00,13.5,0,2.1,南西
2018/11/1 5:00,13.4,0,4.7,北西
2018/11/1 6:00,12.3,0,1.2,西
2018/11/1 7:00,12.5,0,1.6,西北西
2018/11/1 8:00,14.2,0,3.9,北西
2018/11/1 9:00,15.3,0,4.1,西北西
2018/11/1 10:00,16.2,0,2.2,西北西
2018/11/1 11:00,16.4,0,3.9,北西
2018/11/1 12:00,16.6,0,2.5,北西
2018/11/1 13:00,16.8,0,2.9,西北西
2018/11/1 14:00,16.6,0,2.5,北西
2018/11/1 15:00,17.3,0,2.9,西北西
2018/11/1 16:00,16.4,0,6,北北西
2018/11/1 17:00,14.8,0,6.2,北
2018/11/1 18:00,14.3,0,7.7,北北西
2018/11/1 19:00,14,0,5.2,北北西
2018/11/1 20:00,14.3,0,2,北東
2018/11/1 21:00,14.6,0,2.8,北東
2018/11/1 22:00,14.1,0,2.1,東
2018/11/1 23:00,13.9,0,1.9,北北西
2018/11/2 0:00,14.3,0,2.6,北東
2018/11/2 1:00,14.1,0,2.8,北
2018/11/2 2:00,13.5,0,2.9,東北東
2018/11/2 3:00,13.1,0,1.5,西北西
2018/11/2 4:00,12.2,0,3.6,東
2018/11/2 5:00,11.5,0,2.8,北東
2018/11/2 6:00,11.6,0,2.6,東
2018/11/2 7:00,11.5,0,1,北北西
2018/11/2 8:00,13.5,0,2.7,東北東
2018/11/2 9:00,14.2,0,1.7,東
2018/11/2 10:00,14.7,0,3.8,東南東
2018/11/2 11:00,15.7,0,2.8,東南東
2018/11/2 12:00,16.5,0,1.3,西北西
2018/11/2 13:00,17.5,0,2.9,東
2018/11/2 14:00,17.1,0,4.2,東
2018/11/2 15:00,16.9,0,3.5,北東
2018/11/2 16:00,17.1,0,1.7,東南東
2018/11/2 17:00,16.8,0,3.4,北
2018/11/2 18:00,16.3,0,3.5,北北西
2018/11/2 19:00,15.7,0,3.6,北東
2018/11/2 20:00,15.3,0,0.8,西北西
2018/11/2 21:00,14.8,0,1.4,南南西
2018/11/2 22:00,14.7,0,3.3,東
2018/11/2 23:00,13.7,0,4,北東
2018/11/3 0:00,13.2,0,2.2,北北東
2018/11/3 1:00,12.8,0,2.3,北北東
2018/11/3 2:00,12.6,0,1.6,北東
2018/11/3 3:00,12.1,0,1.4,北北西
2018/11/3 4:00,12.1,0,1.9,北北東
2018/11/3 5:00,11.9,0,2.3,北東
2018/11/3 6:00,11.6,0,2.1,北
2018/11/3 7:00,11.9,0,1.4,北
2018/11/3 8:00,14.6,0,1.1,北西
2018/11/3 9:00,15.2,0,0.4,南東
2018/11/3 10:00,16.7,0,2.7,東南東
2018/11/3 11:00,17.7,0,3.5,東南東
2018/11/3 12:00,18.2,0,2.3,南東
2018/11/3 13:00,18.7,0,2.6,東南東
2018/11/3 14:00,18.9,0,1.9,東南東
2018/11/3 15:00,19.3,0,1.7,南南西
2018/11/3 16:00,19,0,2.1,西南西
2018/11/3 17:00,17.9,0,2.6,西北西
2018/11/3 18:00,17,0,2.7,北西
2018/11/3 19:00,16.8,0,2.4,北北東
2018/11/3 20:00,16.7,0,4.2,北東
2018/11/3 21:00,16.6,0,3.9,北北東
2018/11/3 22:00,16.3,0,4.2,北北東
2018/11/3 23:00,16.1,0,3.9,北東
2018/11/4 0:00,15.6,0,3.5,北東
2018/11/4 1:00,15.7,0,3.2,北東
2018/11/4 2:00,15.5,0,1.3,北
2018/11/4 3:00,14.9,0,1.8,東北東
2018/11/4 4:00,14.5,0,2,東
2018/11/4 5:00,14.4,0,3.9,北東
2018/11/4 6:00,14.6,0,3.2,東北東
2018/11/4 7:00,14.9,0,4,東北東
2018/11/4 8:00,16.1,0,1.3,北北西
2018/11/4 9:00,17.5,0,1.7,東
2018/11/4 10:00,18.8,0,3.6,東
2018/11/4 11:00,18.9,0,3.1,東南東
2018/11/4 12:00,19,0,2.9,東南東
2018/11/4 13:00,20.2,0,1.5,東
2018/11/4 14:00,19.8,0,3.5,南西
2018/11/4 15:00,19.5,0,4.4,南南西
2018/11/4 16:00,19,0,3.3,南南西
2018/11/4 17:00,18.9,0,1.1,南南東
2018/11/4 18:00,18.5,0,1.9,東南東
2018/11/4 19:00,17.8,0,5.1,東北東
2018/11/4 20:00,17.4,0,3.5,東北東
2018/11/4 21:00,16.6,0,2.6,東北東
2018/11/4 22:00,16,0,3.2,北東
2018/11/4 23:00,15.9,0,2.4,北北東
2018/11/5 0:00,16.1,0,3,北
2018/11/5 1:00,15.6,0,1.7,北
2018/11/5 2:00,15.3,0,3.2,北北東
2018/11/5 3:00,15,0,5.6,東北東
2018/11/5 4:00,14.3,0,2.3,北
2018/11/5 5:00,14.2,0,1.6,北北西
2018/11/5 6:00,14.1,0,2.3,北北東
2018/11/5 7:00,14.2,0,3.9,東北東
2018/11/5 8:00,16,0,0.8,北北東
2018/11/5 9:00,17.1,0,2.7,東北東
2018/11/5 10:00,17.7,0,2.5,東南東
2018/11/5 11:00,18.7,0,2.9,東南東
2018/11/5 12:00,19,0,2.5,南南西
2018/11/5 13:00,20.7,0,1.2,南
2018/11/5 14:00,20.4,0,2.5,南西
2018/11/5 15:00,20.9,0,1.2,南西
2018/11/5 16:00,20.8,0,2.8,南西
2018/11/5 17:00,20.8,0,2.3,西南西
2018/11/5 18:00,20.5,0,1.6,西
2018/11/5 19:00,20.2,0,1.3,西
2018/11/5 20:00,19.7,0,3.3,北東
2018/11/5 21:00,19.2,0,2.5,北
2018/11/5 22:00,19.4,0,3.4,東
2018/11/5 23:00,19.2,0,0.8,北西
2018/11/6 0:00,19.6,0,3.7,北東
2018/11/6 1:00,19.5,0,3.5,東北東
2018/11/6 2:00,18.1,0,4.1,東
2018/11/6 3:00,17.3,0,1.6,南西
2018/11/6 4:00,17.7,0,1.1,南
2018/11/6 5:00,17.7,0,1.3,南南西
2018/11/6 6:00,18,0,1.4,南南西
2018/11/6 7:00,18.2,0,1,南南西
2018/11/6 8:00,18.4,0,4.3,東
2018/11/6 9:00,18.7,0,2.2,東
2018/11/6 10:00,19.6,0,2,東
2018/11/6 11:00,20.6,0,2.5,東南東
2018/11/6 12:00,21.1,0,2.4,東南東
2018/11/6 13:00,21.6,0,1.8,南西
2018/11/6 14:00,21.6,0,3.5,南南西
2018/11/6 15:00,22.5,0,2.3,北東
2018/11/6 16:00,20.9,0,2.1,北北東
2018/11/6 17:00,20.3,0,2.1,北北西
2018/11/6 18:00,19.2,0,3.2,北
2018/11/6 19:00,19.1,0,5.3,北北西
2018/11/6 20:00,18.7,0,1.8,東南東
2018/11/6 21:00,18.5,0,2.1,南南東
2018/11/6 22:00,17.7,0,4.8,北北東
2018/11/6 23:00,17.7,0,1.9,北北東
2018/11/7 0:00,17.5,0,4.2,北
2018/11/7 1:00,17.6,0,2,北北東
2018/11/7 2:00,16.9,0,4.8,北
2018/11/7 3:00,17.2,0,4.7,北西
2018/11/7 4:00,17.5,0,2.9,北西
2018/11/7 5:00,16.8,0,4.1,東南東
2018/11/7 6:00,15.8,0,2.7,東北東
2018/11/7 7:00,15.8,0,1.2,南西
2018/11/7 8:00,17.7,0,2.1,南西
2018/11/7 9:00,18.6,0,1.8,南南東
2018/11/7 10:00,18.9,0,2.7,東南東
2018/11/7 11:00,19.4,0,3.4,東南東
2018/11/7 12:00,20.1,0,1.4,南
2018/11/7 13:00,20.7,0,2,南西
2018/11/7 14:00,20.7,0,3.4,南南西
2018/11/7 15:00,21,0,1.6,南南東
2018/11/7 16:00,20.3,0,4,北北西
2018/11/7 17:00,19.4,0,4.6,北
2018/11/7 18:00,19.2,0,2.9,北東
2018/11/7 19:00,18.6,0,2.6,北北東
2018/11/7 20:00,17.8,0,1.7,北東
2018/11/7 21:00,17.6,0,1.6,西
2018/11/7 22:00,17.3,0,4.1,東
2018/11/7 23:00,16.5,0,1.8,北
2018/11/8 0:00,16.4,0,1.1,北
2018/11/8 1:00,16,0,1.4,北北西
2018/11/8 2:00,16,0,1.3,北
2018/11/8 3:00,15.8,0,1.1,東北東
2018/11/8 4:00,15.4,0,1,東北東
2018/11/8 5:00,15,0,2.9,東北東
2018/11/8 6:00,14.8,0,5.2,北東
2018/11/8 7:00,15.5,0,4.1,東北東
2018/11/8 8:00,18.1,0,5.5,東北東
2018/11/8 9:00,18.8,0,5.4,東北東
2018/11/8 10:00,19.9,0,3.6,東北東
2018/11/8 11:00,20.4,0,2,東南東
2018/11/8 12:00,20.8,0,3.3,東南東
2018/11/8 13:00,21,0,2.4,東
2018/11/8 14:00,21.8,0,2.2,南西
2018/11/8 15:00,21.2,0,3,南南西
2018/11/8 16:00,21,0,3.3,南西
2018/11/8 17:00,20.6,0,2,西南西
2018/11/8 18:00,20.7,0,1.4,西
2018/11/8 19:00,20.5,0,1.8,南
2018/11/8 20:00,20.2,0,3.2,東
2018/11/8 21:00,20,0,3.2,東北東
2018/11/8 22:00,19.7,0,4.9,北東
2018/11/8 23:00,19.4,0,4.5,北東
2018/11/9 0:00,19.2,0,4.6,北東
2018/11/9 1:00,19.2,0,3.7,東北東
2018/11/9 2:00,19.5,0,4.4,東北東
2018/11/9 3:00,19.6,0,5.8,東北東
2018/11/9 4:00,20.1,0,6.2,北東
2018/11/9 5:00,20.4,0,6.3,北東
2018/11/9 6:00,18.6,1,6.2,北東
2018/11/9 7:00,18.6,0.5,7.4,北東
2018/11/9 8:00,19.5,0,6.3,東北東
2018/11/9 9:00,19.3,0,4.8,東北東
2018/11/9 10:00,19.2,5,4.7,東北東
2018/11/9 11:00,20.1,0,5.6,東北東
2018/11/9 12:00,22.2,0,6.6,東北東
2018/11/9 13:00,22.4,0,3.2,東
2018/11/9 14:00,22.6,0,4,東北東
2018/11/9 15:00,22.3,0,2.2,北東
2018/11/9 16:00,22.3,0,1.2,南東
2018/11/9 17:00,21.8,0,2.7,南西
2018/11/9 18:00,21,0,5.5,西
2018/11/9 19:00,20.8,0,4.4,西
2018/11/9 20:00,20.4,0,5.9,西
2018/11/9 21:00,20,0,3.2,西
2018/11/9 22:00,19.6,0,5,西
2018/11/9 23:00,19.3,0,3,西
2018/11/10 0:00,19.1,0,2.7,西南西
2018/11/10 1:00,19.1,0,4.2,西
2018/11/10 2:00,18.8,0,4.8,西
2018/11/10 3:00,18.8,0,4.3,西
2018/11/10 4:00,18,0,3.1,西北西
2018/11/10 5:00,18.2,0,1.1,西
2018/11/10 6:00,17.8,0,2.7,北北東
2018/11/10 7:00,17.7,0,3,北
2018/11/10 8:00,17.6,0,5.9,北北西
2018/11/10 9:00,17.9,0,7,北北西
2018/11/10 10:00,19.4,0,7.4,北北西
2018/11/10 11:00,20,0,7.2,北北西
2018/11/10 12:00,20.5,0,4.3,北北西
2018/11/10 13:00,20.9,0,5,北
2018/11/10 14:00,20.7,0,6.2,北
2018/11/10 15:00,20.5,0,6,北北西
2018/11/10 16:00,19.6,0,4.3,北
2018/11/10 17:00,18.8,0,6.1,北
2018/11/10 18:00,17.8,0,4.1,北北東
2018/11/10 19:00,17.4,0,5.5,北
2018/11/10 20:00,16.8,0,4.7,北北東
2018/11/10 21:00,16.2,0,1.8,北
2018/11/10 22:00,15.1,0,1.8,北西
2018/11/10 23:00,14.8,0,0.9,北北西
2018/11/11 0:00,14.4,0,2.1,北西
2018/11/11 1:00,14.5,0,2.9,北西
2018/11/11 2:00,14.1,0,2.7,西北西
2018/11/11 3:00,15.4,0,1,南
2018/11/11 4:00,13.5,0,3,西北西
2018/11/11 5:00,13.5,0,3,北西
2018/11/11 6:00,13.3,0,2.6,東北東
2018/11/11 7:00,12.9,0,3,北東
2018/11/11 8:00,14,0,2.5,北東
2018/11/11 9:00,15.1,0,1.2,東
2018/11/11 10:00,15.9,0,1.9,東南東
2018/11/11 11:00,16.6,0,2.7,東南東
2018/11/11 12:00,17.6,0,1.2,東北東
2018/11/11 13:00,19.1,0,2.2,東南東
2018/11/11 14:00,19.5,0,1.7,東南東
2018/11/11 15:00,19,0,1,南
2018/11/11 16:00,18.8,0,2.4,西南西
2018/11/11 17:00,18,0,1.7,西南西
2018/11/11 18:00,17.1,0,2,北西
2018/11/11 19:00,17,0,1.9,西北西
2018/11/11 20:00,16.9,0,1,北西
2018/11/11 21:00,16.5,0,0.9,東北東
2018/11/11 22:00,16.6,0,1.5,西南西
2018/11/11 23:00,16.6,0,1.3,西北西
2018/11/12 0:00,15.8,0,1.3,北北西
2018/11/12 1:00,15.4,0,1.2,北
2018/11/12 2:00,15.6,0,1.8,北東
2018/11/12 3:00,15.1,0,4.5,東北東
2018/11/12 4:00,14.9,0,3.5,北東
2018/11/12 5:00,14.7,0,1.3,北
2018/11/12 6:00,14.4,0,2.2,北
2018/11/12 7:00,14.5,0,0.7,西
2018/11/12 8:00,15.4,0,0.9,西北西
2018/11/12 9:00,16,0,1.5,東南東
2018/11/12 10:00,16.6,0,2.9,東南東
2018/11/12 11:00,16.5,0,1.7,東南東
2018/11/12 12:00,17,0,1.4,東
2018/11/12 13:00,17.2,0,2,南
2018/11/12 14:00,17.7,0,1.8,北西
2018/11/12 15:00,17.4,0,1.7,東
2018/11/12 16:00,17.6,0,0.7,北北東
2018/11/12 17:00,17.3,0,1.6,南西
2018/11/12 18:00,16.9,0,1.2,北
2018/11/12 19:00,16.7,0,1.3,西北西
2018/11/12 20:00,16.6,0,1.8,北
2018/11/12 21:00,16.4,0,1.3,西北西
2018/11/12 22:00,16.7,0,1.7,北
2018/11/12 23:00,16.1,0,2.3,北東
2018/11/13 0:00,15.7,0,2.1,北北東
2018/11/13 1:00,16,0,3.1,東北東
2018/11/13 2:00,15.7,0,0.9,北北西
2018/11/13 3:00,15.9,0,3.1,北
2018/11/13 4:00,15.6,0,0.8,北
2018/11/13 5:00,15.3,0,2.2,東北東
2018/11/13 6:00,15,0,4.2,東北東
2018/11/13 7:00,15.1,0,3.6,東北東
2018/11/13 8:00,15.8,0,3.7,東南東
2018/11/13 9:00,16,0,2.9,北西
2018/11/13 10:00,16.2,0,5.3,東北東
2018/11/13 11:00,17.1,0,4.2,東北東
2018/11/13 12:00,17.4,0,0.9,東
2018/11/13 13:00,17.5,0,0.9,西南西
2018/11/13 14:00,17.4,0,4.7,北北東
2018/11/13 15:00,16.8,0,4.3,北
2018/11/13 16:00,16.7,0,3.6,北北東
2018/11/13 17:00,15.8,0,3,北北西
2018/11/13 18:00,15.4,0,4.6,北北東
2018/11/13 19:00,15,0,3.7,北北西
2018/11/13 20:00,15,0,1.8,北北東
2018/11/13 21:00,14.5,0,2.5,北北東
2018/11/13 22:00,14.1,0,3.8,北北西
2018/11/13 23:00,13.5,0,4.9,北
2018/11/14 0:00,13.1,0,5.7,北
2018/11/14 1:00,13,0,1.3,東
2018/11/14 2:00,12.6,0,2,南南西
2018/11/14 3:00,12.4,0,10.2,北北西
2018/11/14 4:00,12.8,0,9.3,北北西
2018/11/14 5:00,12.4,0,9.2,北北西
2018/11/14 6:00,12.3,0,9.2,北北西
2018/11/14 7:00,12.6,0,5.6,北西
2018/11/14 8:00,13.6,0,2.2,東
2018/11/14 9:00,13.6,0,2.8,北西
2018/11/14 10:00,13.9,0,2.6,北北西
2018/11/14 11:00,15,0,5.2,北北西
2018/11/14 12:00,15.4,0,4.1,北
2018/11/14 13:00,15.7,0,7.8,北
2018/11/14 14:00,14.8,0,5,北西
2018/11/14 15:00,15.2,0,4.1,北
2018/11/14 16:00,15.3,0,2.7,北北西
2018/11/14 17:00,14.9,0,2.8,北西
2018/11/14 18:00,14.5,0,4.3,北西
2018/11/14 19:00,13.9,0,4.4,北西
2018/11/14 20:00,13.6,0,4.8,北北西
2018/11/14 21:00,13.5,0,4,西北西
2018/11/14 22:00,13.7,0,3.8,北西
2018/11/14 23:00,13.4,0,3.5,西
2018/11/15 0:00,12.7,0,3.8,西
2018/11/15 1:00,12.6,0,3.7,西
2018/11/15 2:00,12,0,3.9,西
2018/11/15 3:00,12.1,0,2.7,西北西
2018/11/15 4:00,12,0,1.8,西
2018/11/15 5:00,12.9,0,3.8,北北東
2018/11/15 6:00,12.6,0,3.3,北
2018/11/15 7:00,13.3,0,4.2,北北東
2018/11/15 8:00,14,0,2.9,東
2018/11/15 9:00,14.5,0,2.3,北北東
2018/11/15 10:00,16.1,0,1.2,北東
2018/11/15 11:00,16.7,0,1.7,西南西
2018/11/15 12:00,16.5,0,2.3,北北西
2018/11/15 13:00,16.7,0,2.1,東南東
2018/11/15 14:00,16.5,0,3.3,北北東
2018/11/15 15:00,16.9,0,1.3,北
2018/11/15 16:00,15.9,0,3.3,北北西
2018/11/15 17:00,14.9,0,3.6,北西
2018/11/15 18:00,14.5,0,2.2,北
2018/11/15 19:00,14.7,0,3.1,北
2018/11/15 20:00,14.4,0,3.7,北
2018/11/15 21:00,13.6,0,2.7,北北東
2018/11/15 22:00,13.2,0,4.1,北東
2018/11/15 23:00,12.8,0,1.5,北北東
2018/11/16 0:00,12.4,0,1.3,西南西
2018/11/16 1:00,12.2,0,2.2,北北東
2018/11/16 2:00,11.4,0,3.9,東北東
2018/11/16 3:00,11.6,0,3,東北東
2018/11/16 4:00,10.8,0,4.5,北東
2018/11/16 5:00,10.8,0,4.4,北東
2018/11/16 6:00,10.6,0,3.6,北東
2018/11/16 7:00,10.8,0,4.4,東北東
2018/11/16 8:00,13.3,0,6.2,東北東
2018/11/16 9:00,14.6,0,6.3,東北東
2018/11/16 10:00,15.6,0,3.9,東
2018/11/16 11:00,16.5,0,2.4,東
2018/11/16 12:00,17.2,0,1.4,東
2018/11/16 13:00,16.9,0,2.9,南西
2018/11/16 14:00,17.9,0,3.4,西
2018/11/16 15:00,17.8,0,2.8,南西
2018/11/16 16:00,17.2,0,2.2,西
2018/11/16 17:00,16.4,0,2.5,西
2018/11/16 18:00,16.5,0,2.1,西北西
2018/11/16 19:00,16.2,0,2.6,西北西
2018/11/16 20:00,15.8,0,0.8,北西
2018/11/16 21:00,15.9,0,2.6,北東
2018/11/16 22:00,15.6,0,2.2,北北東
2018/11/16 23:00,15.9,0,2.2,北北東
2018/11/17 0:00,15.6,0,4.3,北東
2018/11/17 1:00,15.4,0,3.3,北東
2018/11/17 2:00,15.1,0,1.1,北北東
2018/11/17 3:00,15.4,0,1.3,北
2018/11/17 4:00,15.3,0,1.2,西南西
2018/11/17 5:00,15.2,0,1.2,南南西
2018/11/17 6:00,15.2,0,1.1,南南西
2018/11/17 7:00,15.6,0,0.7,西南西
2018/11/17 8:00,16,0,2,北西
2018/11/17 9:00,16.5,0,2.8,西北西
2018/11/17 10:00,17.3,0,3.1,東南東
2018/11/17 11:00,18.1,0,3.2,東南東
2018/11/17 12:00,18.2,0,2.2,東
2018/11/17 13:00,17.1,0,4.5,北北西
2018/11/17 14:00,18.5,0,4.9,北北東
2018/11/17 15:00,17.9,0,3.5,北
2018/11/17 16:00,16.7,0,3.5,北北東
2018/11/17 17:00,15.8,0,4.6,北北東
2018/11/17 18:00,15.5,0,3,東北東
2018/11/17 19:00,15.3,0,3.3,北
2018/11/17 20:00,14.7,0,6.1,東北東
2018/11/17 21:00,14.4,0,5,東北東
2018/11/17 22:00,13.5,0,1.6,北北西
2018/11/17 23:00,13.2,0,2.6,北
2018/11/18 0:00,13.2,0,1.8,北北西
2018/11/18 1:00,12.6,0,1.7,北北西
2018/11/18 2:00,13.1,0,1.1,北西
2018/11/18 3:00,12.8,0,0.9,北東
2018/11/18 4:00,13.2,0,1,南南西
2018/11/18 5:00,12.7,0,1.5,北北東
2018/11/18 6:00,11.7,0,4.7,東北東
2018/11/18 7:00,11.1,0,3.4,北北東
2018/11/18 8:00,12.3,0,4.6,東北東
2018/11/18 9:00,14.2,0,3.1,東北東
2018/11/18 10:00,16,0,3.6,東北東
2018/11/18 11:00,16.7,0,3.7,東
2018/11/18 12:00,16.8,0,2.4,東南東
2018/11/18 13:00,17.6,0,1.4,北北東
2018/11/18 14:00,18.2,0,1.6,東
2018/11/18 15:00,17.5,0,3,南南西
2018/11/18 16:00,17.7,0,2.4,西南西
2018/11/18 17:00,17.4,0,2.8,西
2018/11/18 18:00,17.2,0,2.8,西
2018/11/18 19:00,17.2,0,2.4,南西
2018/11/18 20:00,17,0,1.7,西南西
2018/11/18 21:00,16.6,0,1.3,南
2018/11/18 22:00,16.5,0,1.5,南西
2018/11/18 23:00,16.5,0,1.3,北北東
2018/11/19 0:00,15.9,0,0.7,北
2018/11/19 1:00,16.2,0,0.9,南西
2018/11/19 2:00,15.1,0,1.2,北北西
2018/11/19 3:00,15,0.5,1.4,西
2018/11/19 4:00,14.8,0,1.1,南西
2018/11/19 5:00,14.6,0,2.7,西北西
2018/11/19 6:00,14.6,0.5,4.2,東
2018/11/19 7:00,14,0,5.6,東北東
2018/11/19 8:00,13.9,0,3.8,北北東
2018/11/19 9:00,13.9,0,4.2,北北東
2018/11/19 10:00,14,0,2.7,北北東
2018/11/19 11:00,14.4,0,4.7,北北西
2018/11/19 12:00,14.9,0,1.4,南南東
2018/11/19 13:00,15.1,0,1.6,南南西
2018/11/19 14:00,15,0,4.6,北
2018/11/19 15:00,14.8,0,3.8,北
2018/11/19 16:00,14.5,0,5.2,北北西
2018/11/19 17:00,14.4,0,4.6,北北西
2018/11/19 18:00,14.3,0,4.1,北北東
2018/11/19 19:00,14.1,0,3.8,北北東
2018/11/19 20:00,13.6,0,3.2,北
2018/11/19 21:00,13.4,0,4.3,北北西
2018/11/19 22:00,13.2,0,4.9,北
2018/11/19 23:00,12.7,0,4.9,北北西
2018/11/20 0:00,12.3,0,1.9,北西
2018/11/20 1:00,12.1,0,5,北
2018/11/20 2:00,11.9,0,4.1,北北西
2018/11/20 3:00,11.2,0,2.6,北北西
2018/11/20 4:00,11.4,0,2.6,北北西
2018/11/20 5:00,11.7,0,1.8,西南西
2018/11/20 6:00,11.7,0,2.1,南南西
2018/11/20 7:00,11,0,1.7,西
2018/11/20 8:00,12,0,4.6,北西
2018/11/20 9:00,12.5,0,4.4,北西
2018/11/20 10:00,13.5,0,3.2,西北西
2018/11/20 11:00,15.6,0,2.1,北西
2018/11/20 12:00,15.3,0,5.1,北
2018/11/20 13:00,15.4,0,3.8,北
2018/11/20 14:00,15.9,0,3.1,北西
2018/11/20 15:00,15.8,0,1.8,北北西
2018/11/20 16:00,15,0,3.9,西
2018/11/20 17:00,13.9,0,3.9,西北西
2018/11/20 18:00,14.1,0,2.7,北北西
2018/11/20 19:00,13.4,0,4.4,北
2018/11/20 20:00,13.3,0,2.6,北東
2018/11/20 21:00,12.5,0,1.5,北
2018/11/20 22:00,12.3,0,3.1,北西
2018/11/20 23:00,12,0,1.5,北北西
2018/11/21 0:00,11.1,0,2.6,東北東
2018/11/21 1:00,10.2,0,3.1,東北東
2018/11/21 2:00,10.3,0,3.1,東北東
2018/11/21 3:00,9.6,0,3.7,北
2018/11/21 4:00,9.7,0,1.2,北東
2018/11/21 5:00,9.6,0,2.5,北東
2018/11/21 6:00,9.1,0,2.9,北東
2018/11/21 7:00,9.7,0,2.3,北東
2018/11/21 8:00,10.2,0,2.6,東北東
2018/11/21 9:00,11.6,0,1.4,北東
2018/11/21 10:00,13.2,0,2.8,東南東
2018/11/21 11:00,14.2,0,3.4,東南東
2018/11/21 12:00,14.9,0,3.2,東南東
2018/11/21 13:00,14,0,2.4,東南東
2018/11/21 14:00,14.8,0,2.3,南南西
2018/11/21 15:00,14.6,0,2.3,南南西
2018/11/21 16:00,14.6,0,2.3,南
2018/11/21 17:00,14.2,0,2.1,南西
2018/11/21 18:00,13.2,0,2.5,西南西
2018/11/21 19:00,12.9,0,2.1,北西
2018/11/21 20:00,12.8,0,1.4,西北西
2018/11/21 21:00,13.1,0,1.8,北西
2018/11/21 22:00,12.4,0,1.3,東北東
2018/11/21 23:00,12.9,0,2.4,北北東
2018/11/22 0:00,13.3,0,1.5,北
2018/11/22 1:00,12.9,0,3.6,東北東
2018/11/22 2:00,12.7,0,2,東北東
2018/11/22 3:00,13.1,0,0.7,南東
2018/11/22 4:00,12.8,0,1,西
2018/11/22 5:00,12.8,0,1.1,南西
2018/11/22 6:00,13.2,0,1,南
2018/11/22 7:00,11.6,0,3.3,北西
2018/11/22 8:00,11,0.5,1.7,西北西
2018/11/22 9:00,12.2,0,1.7,西南西
2018/11/22 10:00,12.5,0,3.5,西
2018/11/22 11:00,12.3,0,2.1,西北西
2018/11/22 12:00,13.4,0,3.7,西南西
2018/11/22 13:00,14.4,0,2.2,西南西
2018/11/22 14:00,14.9,0,5,北西
2018/11/22 15:00,13.7,0,6.7,北北西
2018/11/22 16:00,13.2,0,2.5,北北西
2018/11/22 17:00,12.5,0,2.3,北北東
2018/11/22 18:00,11.9,0,4.6,北北西
2018/11/22 19:00,11.4,0,3.9,北
2018/11/22 20:00,10.9,0,2.9,北北西
2018/11/22 21:00,10.3,0,2.9,西南西
2018/11/22 22:00,9.6,0,3.1,西南西
2018/11/22 23:00,8.7,0,4.1,西南西
2018/11/23 0:00,8.8,0,4.2,西
2018/11/23 1:00,8,0,3.1,西南西
2018/11/23 2:00,7.5,0,3.4,西
2018/11/23 3:00,7,0,3.5,西南西
2018/11/23 4:00,7.1,0,1.7,西南西
2018/11/23 5:00,7.5,0,4.7,北西
2018/11/23 6:00,7.2,0,3,西南西
2018/11/23 7:00,7,0,4.5,西北西
2018/11/23 8:00,8.5,0,2.8,北西
2018/11/23 9:00,9.9,0,5.4,西
2018/11/23 10:00,10.9,0,5.4,西
2018/11/23 11:00,12.1,0,4,西
2018/11/23 12:00,12.8,0,4.5,西
2018/11/23 13:00,12.5,0,4.9,西北西
2018/11/23 14:00,12.3,0,1.7,北西
2018/11/23 15:00,12.5,0,3.4,西北西
2018/11/23 16:00,11.9,0,5.5,西北西
2018/11/23 17:00,11.1,0,4.1,西北西
2018/11/23 18:00,10.3,0,2.3,北西
2018/11/23 19:00,9.9,0,1.8,西北西
2018/11/23 20:00,9.2,0,2.6,北西
2018/11/23 21:00,9.5,0,1.3,西南西
2018/11/23 22:00,9.1,0,2.4,西北西
2018/11/23 23:00,8.5,0,1.7,西
2018/11/24 0:00,8.2,0,2.7,北東
2018/11/24 1:00,7.7,0,1.6,北
2018/11/24 2:00,7.7,0,1.5,北西
2018/11/24 3:00,7.8,0,1.2,西南西
2018/11/24 4:00,7.5,0,2.7,北東
2018/11/24 5:00,7,0,3.2,北東
2018/11/24 6:00,6.9,0,2.3,北
2018/11/24 7:00,6.5,0,1.1,西北西
2018/11/24 8:00,8.3,0,2.2,北東
2018/11/24 9:00,9.5,0,2.4,東北東
2018/11/24 10:00,10.2,0,1.8,東
2018/11/24 11:00,10.6,0,2.9,東南東
2018/11/24 12:00,11.5,0,1.3,東北東
2018/11/24 13:00,12.3,0,2.8,東南東
2018/11/24 14:00,12.8,0,2.6,東南東
2018/11/24 15:00,12.3,0,2.1,東南東
2018/11/24 16:00,12.2,0,0.9,東南東
2018/11/24 17:00,11.8,0,0.6,南西
2018/11/24 18:00,10.8,0,2.3,北北西
2018/11/24 19:00,10.5,0,1.9,北北西
2018/11/24 20:00,10.1,0,1.8,北北西
2018/11/24 21:00,10.7,0,1.3,北西
2018/11/24 22:00,10.4,0,2,北
2018/11/24 23:00,9.8,0,1.7,北
2018/11/25 0:00,9.5,0,4,東北東
2018/11/25 1:00,9.1,0,3.4,東北東
2018/11/25 2:00,8.9,0,2.7,北北東
2018/11/25 3:00,8.8,0,2.9,東北東
2018/11/25 4:00,7.9,0,3.1,東北東
2018/11/25 5:00,8.3,0,3.3,東北東
2018/11/25 6:00,7.9,0,3.3,東北東
2018/11/25 7:00,7.7,0,4.2,北東
2018/11/25 8:00,9.2,0,3.5,東北東
2018/11/25 9:00,11.3,0,3.5,東北東
2018/11/25 10:00,12.1,0,2,東南東
2018/11/25 11:00,14.2,0,1.7,東南東
2018/11/25 12:00,14.7,0,1.6,西
2018/11/25 13:00,15.2,0,3,南西
2018/11/25 14:00,15.8,0,1.9,南南西
2018/11/25 15:00,16.3,0,3.3,南西
2018/11/25 16:00,16.2,0,1.9,南西
2018/11/25 17:00,15.3,0,2.1,西
2018/11/25 18:00,14,0,1.4,南西
2018/11/25 19:00,13.4,0,0.9,北西
2018/11/25 20:00,13.4,0,0.6,西南西
2018/11/25 21:00,13.4,0,1.1,北西
2018/11/25 22:00,12.7,0,1.7,東北東
2018/11/25 23:00,12.6,0,2,北北東
2018/11/26 0:00,12.3,0,1.2,北
2018/11/26 1:00,11.2,0,0.8,北東
2018/11/26 2:00,11.2,0,3,東北東
2018/11/26 3:00,11.1,0,1.8,北東
2018/11/26 4:00,11,0,2.3,東北東
2018/11/26 5:00,10.5,0,1.7,東北東
2018/11/26 6:00,10.5,0,1.6,北北西
2018/11/26 7:00,11.1,0,2.9,北東
2018/11/26 8:00,11,0,2.6,北
2018/11/26 9:00,12.2,0,1.4,南東
2018/11/26 10:00,13.2,0,0.4,東
2018/11/26 11:00,14.1,0,1.7,東南東
2018/11/26 12:00,14.7,0,2.1,東南東
2018/11/26 13:00,15.1,0,2,東南東
2018/11/26 14:00,15.6,0,1.3,東南東
2018/11/26 15:00,15.7,0,1.4,東南東
2018/11/26 16:00,15.7,0,1,南東
2018/11/26 17:00,15.1,0,0.7,西北西
2018/11/26 18:00,14.5,0,1.5,北西
2018/11/26 19:00,14.2,0,1.3,北西
2018/11/26 20:00,14,0,1.7,北北西
2018/11/26 21:00,14.1,0,1.1,北
2018/11/26 22:00,14.1,0,1.9,北北東
2018/11/26 23:00,13.3,0,1.9,北北東
2018/11/27 0:00,13.8,0,4.7,北東
2018/11/27 1:00,13.7,0,0.9,北北西
2018/11/27 2:00,13,0,2.1,東北東
2018/11/27 3:00,13.2,0,3.3,東北東
2018/11/27 4:00,12.9,0,3.2,東北東
2018/11/27 5:00,13.1,0,2.2,北
2018/11/27 6:00,12.8,0,2.8,東北東
2018/11/27 7:00,12.8,0,2.9,東北東
2018/11/27 8:00,13.1,0,2.6,北東
2018/11/27 9:00,14.2,0,1.9,東
2018/11/27 10:00,15.2,0,2.1,東北東
2018/11/27 11:00,16,0,2.1,東南東
2018/11/27 12:00,16.7,0,3.5,東南東
2018/11/27 13:00,17.1,0,2.8,南南西
2018/11/27 14:00,17.3,0,3.5,南南西
2018/11/27 15:00,17.3,0,3.4,南西
2018/11/27 16:00,17.4,0,2.5,南西
2018/11/27 17:00,17,0,2.8,南西
2018/11/27 18:00,16.2,0,1.8,西南西
2018/11/27 19:00,15.5,0,1.8,北西
2018/11/27 20:00,15.1,0,2.2,西
2018/11/27 21:00,15.4,0,1.2,西
2018/11/27 22:00,15.2,0,1,東北東
2018/11/27 23:00,15.6,0,1.8,北
2018/11/28 0:00,15.1,0,0.9,東
2018/11/28 1:00,15,0,3,東北東
2018/11/28 2:00,14.5,0,1.3,東北東
2018/11/28 3:00,13.4,0,1.7,北北東
2018/11/28 4:00,13.7,0,1.9,北北西
2018/11/28 5:00,13.7,0,1.2,北
2018/11/28 6:00,13.4,0,0.9,北東
2018/11/28 7:00,13.8,0,1.3,東
2018/11/28 8:00,14.4,0,1.2,北東
2018/11/28 9:00,15.8,0,2.3,東
2018/11/28 10:00,16.6,0,2.3,東南東
2018/11/28 11:00,16.2,0,2.8,東南東
2018/11/28 12:00,16.8,0,0.5,北東
2018/11/28 13:00,17.5,0,0.8,西北西
2018/11/28 14:00,17.6,0,1.6,南南西
2018/11/28 15:00,18,0,5.4,北北東
2018/11/28 16:00,16.9,0,3.8,北北西
2018/11/28 17:00,15.4,0,4.8,北
2018/11/28 18:00,15.2,0,4,北東
2018/11/28 19:00,13.7,1,3.3,東
2018/11/28 20:00,13.2,1.5,1.2,北西
2018/11/28 21:00,13.2,1,5.2,東南東
2018/11/28 22:00,12.8,0,3.7,北北東
2018/11/28 23:00,13,0,2.5,北
2018/11/29 0:00,12.4,0,2,西北西
2018/11/29 1:00,12.4,0,1.3,北西
2018/11/29 2:00,13,0,4.9,北北西
2018/11/29 3:00,13,0,2,北北西
2018/11/29 4:00,13.2,0,3.1,北北西
2018/11/29 5:00,13,0,2,西
2018/11/29 6:00,12.8,0,3.4,北東
2018/11/29 7:00,12.7,0,0.6,南
2018/11/29 8:00,13,0,2.9,北
2018/11/29 9:00,13.8,0,3.4,北北東
2018/11/29 10:00,14.8,0,1.1,南南東
2018/11/29 11:00,14.8,0,3.6,東南東
2018/11/29 12:00,15.6,0,3.3,東南東
2018/11/29 13:00,15.7,0,2.4,南
2018/11/29 14:00,15.9,0,2.5,南南西
2018/11/29 15:00,16.3,0,4.4,西
2018/11/29 16:00,15.5,0,3.7,西
2018/11/29 17:00,14.7,0,3,西
2018/11/29 18:00,14.1,0,3.6,北北西
2018/11/29 19:00,13.4,0,4.7,北
2018/11/29 20:00,13,0,5.7,北北東
2018/11/29 21:00,12.8,0,2.8,北
2018/11/29 22:00,12.9,0,2.3,北北西
2018/11/29 23:00,13,0,1,北東
2018/11/30 0:00,11.9,0,1.7,北
2018/11/30 1:00,11,0,0.3,北西
2018/11/30 2:00,10.5,0,1.1,西南西
2018/11/30 3:00,10.2,0,1.5,西
2018/11/30 4:00,10,0,2.7,西
2018/11/30 5:00,10.1,0,1.7,西北西
2018/11/30 6:00,10.1,0,2.3,北西
2018/11/30 7:00,10.5,0,2.3,北西
2018/11/30 8:00,11.6,0,0.8,南南西
2018/11/30 9:00,13.3,0,2.1,西北西
2018/11/30 10:00,14.6,0,4.2,西
2018/11/30 11:00,15,0,4.9,北西
2018/11/30 12:00,15.4,0,3.9,西
2018/11/30 13:00,16,0,4.1,西
2018/11/30 14:00,16.2,0,4.8,南西
2018/11/30 15:00,15.8,0,4.2,西南西
2018/11/30 16:00,15.5,0,3.8,南西
2018/11/30 17:00,14.9,0,3.4,西南西
2018/11/30 18:00,13.9,0,1.9,西
2018/11/30 19:00,13.5,0,1.3,西北西
2018/11/30 20:00,13.4,0,1,西
2018/11/30 21:00,13,0,1.3,北西
2018/11/30 22:00,13.2,0,1.3,北西
2018/11/30 23:00,13.5,0,0.4,西北西
2018/12/1 0:00,13.2,0,0.5,南
2018/12/1 1:00,13.2,0,1.9,西南西
2018/12/1 2:00,13.2,0,1.8,西
2018/12/1 3:00,12.7,0,1.4,西
2018/12/1 4:00,11.6,0,1.7,南西
2018/12/1 5:00,12.1,0,2,西
2018/12/1 6:00,12.6,0,2.5,南西
2018/12/1 7:00,12.7,0,2.6,西南西
2018/12/1 8:00,12.9,0,2.2,西南西
2018/12/1 9:00,13.9,0,2.6,西南西
2018/12/1 10:00,15.1,0,3.7,西南西
2018/12/1 11:00,16.7,0,4.9,西南西
2018/12/1 12:00,16.5,0,2.9,西北西
2018/12/1 13:00,17,0,4.4,南西
2018/12/1 14:00,16.7,0,3.1,南西
2018/12/1 15:00,16.7,0,3.3,北
2018/12/1 16:00,15.4,0,5.8,北北西
2018/12/1 17:00,14.8,0,5,北
2018/12/1 18:00,14.1,0,5.1,北
2018/12/1 19:00,13.6,0,4.4,北東
2018/12/1 20:00,13.4,0,5.7,北
2018/12/1 21:00,13.5,0,6.5,北北東
2018/12/1 22:00,12.7,0,4.6,北北東
2018/12/1 23:00,13,0,2.2,北北東
2018/12/2 0:00,12.7,0,3.5,東
2018/12/2 1:00,12.3,0,4.8,東北東
2018/12/2 2:00,11.5,0,4.4,東北東
2018/12/2 3:00,10.6,0,5.6,東北東
2018/12/2 4:00,10.6,0,5.7,東北東
2018/12/2 5:00,10.4,0,6.8,東北東
2018/12/2 6:00,9.8,0,6.1,東北東
2018/12/2 7:00,9.8,0,5.4,東北東
2018/12/2 8:00,11,0,5.5,東北東
2018/12/2 9:00,12.1,0,6.5,東北東
2018/12/2 10:00,13.8,0,5.6,北東
2018/12/2 11:00,14.8,0,3.8,東
2018/12/2 12:00,14.8,0,3.7,東南東
2018/12/2 13:00,15.2,0,3.3,東南東
2018/12/2 14:00,15.8,0,2.2,東南東
2018/12/2 15:00,16.2,0,1.5,南東
2018/12/2 16:00,16.1,0,1.4,東南東
2018/12/2 17:00,16,0,2.5,東南東
2018/12/2 18:00,15.2,0,2.9,北東
2018/12/2 19:00,15.1,0,1.3,北北西
2018/12/2 20:00,15.2,0,4,東北東
2018/12/2 21:00,15.3,0,6,東北東
2018/12/2 22:00,15.2,0,5.5,東北東
2018/12/2 23:00,14.8,0,5.4,東北東
2018/12/3 0:00,14.4,0,3.9,北東
2018/12/3 1:00,14,0,5.5,東北東
2018/12/3 2:00,14.4,0,4.8,東北東
2018/12/3 3:00,14.6,0,6.4,東北東
2018/12/3 4:00,15.3,0,7.3,東北東
2018/12/3 5:00,14.4,0,6.3,北東
2018/12/3 6:00,14.3,0.5,7.4,東北東
2018/12/3 7:00,15.3,0,6.2,東北東
2018/12/3 8:00,14.6,0.5,6.1,東北東
2018/12/3 9:00,15.6,0,8.3,東北東
2018/12/3 10:00,15.6,0,7.6,東北東
2018/12/3 11:00,15.8,0,7.1,東北東
2018/12/3 12:00,16,0.5,6.1,東北東
2018/12/3 13:00,16.6,0,7,東北東
2018/12/3 14:00,17.7,0,6.2,東北東
2018/12/3 15:00,17.3,0,5,東北東
2018/12/3 16:00,17.6,0,6.1,北東
2018/12/3 17:00,17.5,0,6.5,東北東
2018/12/3 18:00,17.5,0,6.3,東北東
2018/12/3 19:00,16.4,0.5,6.4,北東
2018/12/3 20:00,16.7,0,5.2,東北東
2018/12/3 21:00,16.9,0,5.5,東北東
2018/12/3 22:00,17,0,6.1,東北東
2018/12/3 23:00,17.2,0,5.6,北東
2018/12/4 0:00,17.2,0,3.3,東北東
2018/12/4 1:00,17.3,0,3.8,東北東
2018/12/4 2:00,17.6,0,2.7,東北東
2018/12/4 3:00,17.4,0,2.5,東北東
2018/12/4 4:00,16.9,0,2.2,東
2018/12/4 5:00,16.8,0,3.1,東北東
2018/12/4 6:00,17.1,0,2.7,北東
2018/12/4 7:00,17.1,0,2.6,東北東
2018/12/4 8:00,17.9,0,3.4,東北東
2018/12/4 9:00,18.7,0,4.2,東北東
2018/12/4 10:00,19.8,0,3.3,東北東
2018/12/4 11:00,20.9,0,1,東北東
2018/12/4 12:00,21.7,0,2.2,西
2018/12/4 13:00,21.7,0,2.1,西北西
2018/12/4 14:00,21.8,0,2.8,西
2018/12/4 15:00,22.1,0,3,南西
2018/12/4 16:00,21.3,0,4,西
2018/12/4 17:00,20.9,0,4,西南西
2018/12/4 18:00,20.9,0,4,西南西
2018/12/4 19:00,20.4,6,4.7,西南西
2018/12/4 20:00,20.2,0,3.6,西南西
2018/12/4 21:00,20.3,0,4.5,西
2018/12/4 22:00,19.9,0,4.9,西
2018/12/4 23:00,19.5,0,2.7,西北西
2018/12/5 0:00,17.4,0,5.6,北北東
2018/12/5 1:00,17.1,0,5.3,北北東
2018/12/5 2:00,16.5,0,3.2,北東
2018/12/5 3:00,16.1,0,4.4,北北東
2018/12/5 4:00,15.5,0,4.4,北
2018/12/5 5:00,15.2,0,2.7,西
2018/12/5 6:00,15.2,0,1.2,西
2018/12/5 7:00,14.9,0,1.9,南西
2018/12/5 8:00,15,0,1.7,北西
2018/12/5 9:00,16.6,0,1.2,南南東
2018/12/5 10:00,17.1,0,2,南東
2018/12/5 11:00,17.4,0,1.5,南東
2018/12/5 12:00,17.7,0,2.2,南南東
2018/12/5 13:00,18,0,1.9,西南西
2018/12/5 14:00,18.6,0,3.4,北
2018/12/5 15:00,17,0,6.8,北
2018/12/5 16:00,15.5,0,7.4,北
2018/12/5 17:00,14.7,0,4.4,北北東
2018/12/5 18:00,14.3,0,3.9,北東
2018/12/5 19:00,14.2,0,3.3,北北東
2018/12/5 20:00,14,0,3.4,北北東
2018/12/5 21:00,13.3,0,5.2,北
2018/12/5 22:00,13.4,0,3.6,北東
2018/12/5 23:00,12.9,0,2.3,北北東
2018/12/6 0:00,12.5,0,2.4,北東
2018/12/6 1:00,12.3,0,4.2,東北東
2018/12/6 2:00,12.7,0,0.9,北東
2018/12/6 3:00,12.2,0,6.4,東北東
2018/12/6 4:00,12,0,5.9,東北東
2018/12/6 5:00,11.9,0,8.3,東北東
2018/12/6 6:00,12.5,0,7.4,東北東
2018/12/6 7:00,13.1,0,5.7,東北東
2018/12/6 8:00,13.3,0,3.4,東北東
2018/12/6 9:00,14.2,0,3.3,東
2018/12/6 10:00,14.1,0,1.2,南南西
2018/12/6 11:00,13.8,0,1.6,北東
2018/12/6 12:00,14.5,0,1.6,東南東
2018/12/6 13:00,14.5,0.5,1,北西
2018/12/6 14:00,14.3,0.5,3.8,西南西
2018/12/6 15:00,14.2,2,4.2,南西
2018/12/6 16:00,13.3,0.5,4.6,西南西
2018/12/6 17:00,13.3,0.5,1.9,西
2018/12/6 18:00,13.4,0.5,2.8,西
2018/12/6 19:00,13.4,0,4.9,西
2018/12/6 20:00,13.1,0,2.5,西南西
2018/12/6 21:00,13.2,0,2.2,南南西
2018/12/6 22:00,12.8,0,2,南西
2018/12/6 23:00,12.8,0,1.3,北西
2018/12/7 0:00,12.8,0,2.7,西南西
2018/12/7 1:00,13.5,0,3.3,西南西
2018/12/7 2:00,12.8,0,3.8,西南西
2018/12/7 3:00,12.9,0,2.8,西南西
2018/12/7 4:00,12.7,0,3.6,西南西
2018/12/7 5:00,12.6,0,2.7,西南西
2018/12/7 6:00,12.7,0,3.1,西
2018/12/7 7:00,12.4,0,1.9,西
2018/12/7 8:00,12.5,0,4,西
2018/12/7 9:00,12.7,0,2.1,西南西
2018/12/7 10:00,13.2,0,3,西南西
2018/12/7 11:00,13.2,0,4.9,西北西
2018/12/7 12:00,13.8,0,4.6,西北西
2018/12/7 13:00,13.8,0,4,西
2018/12/7 14:00,14.2,0,5.2,西
2018/12/7 15:00,13.1,0,5.6,西北西
2018/12/7 16:00,12.1,0,5.9,西北西
2018/12/7 17:00,11.4,0,3.8,西北西
2018/12/7 18:00,10.5,0,3.5,北西
2018/12/7 19:00,9.7,0,4.3,西北西
2018/12/7 20:00,8.8,0,5.2,西北西
2018/12/7 21:00,8.3,0,3.5,西北西
2018/12/7 22:00,7.9,0,2.3,西
2018/12/7 23:00,7.6,0,4,西北西
2018/12/8 0:00,7.4,0,4.2,西北西
2018/12/8 1:00,7,0,5.3,西北西
2018/12/8 2:00,6.6,0,5.7,西北西
2018/12/8 3:00,6.7,0,5,西北西
2018/12/8 4:00,6.3,0,4.3,北西
2018/12/8 5:00,6.2,0,4.3,西北西
2018/12/8 6:00,5.6,0,3.4,北西
2018/12/8 7:00,5.4,0,3.6,西北西
2018/12/8 8:00,5.9,0,3.7,西北西
2018/12/8 9:00,7.4,0,5,西
2018/12/8 10:00,8.8,0,5.6,西
2018/12/8 11:00,8.9,0,5.3,西
2018/12/8 12:00,9.2,0,7,西
2018/12/8 13:00,9.1,0,6.8,西北西
2018/12/8 14:00,8.7,0,6.4,西
2018/12/8 15:00,8.7,0,6.7,西
2018/12/8 16:00,7.9,0,7.6,西
2018/12/8 17:00,6.9,0,5.4,西
2018/12/8 18:00,6.4,0,6.6,西
2018/12/8 19:00,5.8,0,6.5,西北西
2018/12/8 20:00,4.9,0,4.7,西北西
2018/12/8 21:00,4.8,0,6.4,西
2018/12/8 22:00,4.6,0,8.3,西北西
2018/12/8 23:00,4.3,0,6.9,西北西
2018/12/9 0:00,4.2,0,6.6,西北西
2018/12/9 1:00,3.8,0,6.2,西北西
2018/12/9 2:00,4,0,5.5,西北西
2018/12/9 3:00,3.6,0,4.8,西北西
2018/12/9 4:00,3.4,0,5.8,西北西
2018/12/9 5:00,3.1,0,6.1,西北西
2018/12/9 6:00,3.2,0,5.8,西北西
2018/12/9 7:00,3.2,0,5.8,西北西
2018/12/9 8:00,3.4,0,4.8,西北西
2018/12/9 9:00,4.5,0,5.8,西北西
2018/12/9 10:00,5.5,0,4.2,西北西
2018/12/9 11:00,7.4,0,5.1,西
2018/12/9 12:00,7,0,7.2,西北西
2018/12/9 13:00,7.6,0,2.3,北西
2018/12/9 14:00,8,0,3.8,西北西
2018/12/9 15:00,8,0,3.5,西北西
2018/12/9 16:00,7.4,0,3.9,北西
2018/12/9 17:00,6.9,0,2.7,北西
2018/12/9 18:00,6.4,0,2.1,北北東
2018/12/9 19:00,6.3,0,2.6,北北東
2018/12/9 20:00,6.4,0,2.2,東北東
2018/12/9 21:00,6.4,0,5.2,北東
2018/12/9 22:00,6.2,0,3.9,北北西
2018/12/9 23:00,6,0,1.1,北
2018/12/10 0:00,6.3,0,1.6,北
2018/12/10 1:00,5.9,0,2.6,北
2018/12/10 2:00,6.1,0,4,北
2018/12/10 3:00,5.9,0,3.6,北北西
2018/12/10 4:00,5.2,0,2.3,東
2018/12/10 5:00,5.2,0,3,東北東
2018/12/10 6:00,4.7,0,2.2,東北東
2018/12/10 7:00,4.7,0,3.5,東北東
2018/12/10 8:00,5.2,0,2.3,東南東
2018/12/10 9:00,5.7,0,2,東北東
2018/12/10 10:00,6.4,0,2.7,東
2018/12/10 11:00,7.4,0,1.6,東北東
2018/12/10 12:00,7.5,0,3,南東
2018/12/10 13:00,8.2,0,3.1,南東
2018/12/10 14:00,8.8,0,3,東南東
2018/12/10 15:00,8.8,0,2.8,東南東
2018/12/10 16:00,8.5,0,2.1,東南東
2018/12/10 17:00,8.3,0,4,北東
2018/12/10 18:00,7.5,0,3.2,北北東
2018/12/10 19:00,7.7,0,1.9,北
2018/12/10 20:00,7.1,0,4.4,東北東
2018/12/10 21:00,6.4,0,2.2,北東
2018/12/10 22:00,6.2,0,2.1,北北東
2018/12/10 23:00,6,0,5.5,東北東
2018/12/11 0:00,5.6,0,2.2,南東
2018/12/11 1:00,5.7,0,2.9,北北東
2018/12/11 2:00,5.2,0,4.6,東北東
2018/12/11 3:00,5.5,0,3.1,東
2018/12/11 4:00,4.4,0,3.7,北北東
2018/12/11 5:00,4.4,0,2.9,北北東
2018/12/11 6:00,4.6,0,0.9,北北東
2018/12/11 7:00,5,0,2.6,東
2018/12/11 8:00,4.4,0,5.2,北東
2018/12/11 9:00,6,0,6.1,東北東
2018/12/11 10:00,6.8,0,6.3,東北東
2018/12/11 11:00,8.9,0,5.3,北東
2018/12/11 12:00,10.7,0,8.1,東北東
2018/12/11 13:00,10.8,0,5,東北東
2018/12/11 14:00,11,0,4.5,東北東
2018/12/11 15:00,11.1,0,3.9,東北東
2018/12/11 16:00,10.8,0,2.5,北
2018/12/11 17:00,10.7,0,1.4,南
2018/12/11 18:00,9.7,0,1.7,北北西
2018/12/11 19:00,8.4,1,2.4,北北西
2018/12/11 20:00,8.2,0.5,0.6,南南東
2018/12/11 21:00,8.4,0,1.1,西
2018/12/11 22:00,8.8,0,0.9,北西
2018/12/11 23:00,9.6,0.5,3.6,南西
2018/12/12 0:00,9.3,0,2.2,西南西
2018/12/12 1:00,9.3,1,2.2,西南西
2018/12/12 2:00,9.4,1.5,1.6,南西
2018/12/12 3:00,9.6,2,1.6,南西
2018/12/12 4:00,9.5,1.5,1.5,西南西
2018/12/12 5:00,9.7,1.5,3.7,西
2018/12/12 6:00,9.9,0.5,3,西南西
2018/12/12 7:00,9.9,0,0.5,西南西
2018/12/12 8:00,10.1,0,1.7,西
2018/12/12 9:00,10.6,0,3.2,西南西
2018/12/12 10:00,10.9,0,2.9,西北西
2018/12/12 11:00,11.5,0,6,北北西
2018/12/12 12:00,12,0,10.3,北北西
2018/12/12 13:00,12,0,6.3,北
2018/12/12 14:00,12.6,0,4,北西
2018/12/12 15:00,12.2,0,6.5,北
2018/12/12 16:00,10.7,0,8.1,北
2018/12/12 17:00,9.6,0,4.6,北北西
2018/12/12 18:00,8.6,0,5.4,北
2018/12/12 19:00,8.2,0,3.5,北西
2018/12/12 20:00,8,0,2,南南西
2018/12/12 21:00,7.7,0,2.3,西
2018/12/12 22:00,7.3,0,2.9,西
2018/12/12 23:00,7.2,0,2.5,西南西
2018/12/13 0:00,7,0,2.4,南西
2018/12/13 1:00,7.3,0,2.9,西南西
2018/12/13 2:00,6.7,0,2.6,南西
2018/12/13 3:00,6.5,0,1,東北東
2018/12/13 4:00,6.4,0,1.2,北北東
2018/12/13 5:00,6.9,0,2.7,北北西
2018/12/13 6:00,6.3,0,2.2,西
2018/12/13 7:00,6.5,0,3.7,東北東
2018/12/13 8:00,7.1,0,1,東南東
2018/12/13 9:00,8.2,0,3.6,東
2018/12/13 10:00,8.6,0,3.2,東
2018/12/13 11:00,8.4,0,2.3,東南東
2018/12/13 12:00,9.4,0,2.4,東
2018/12/13 13:00,8.7,0,1.7,東南東
2018/12/13 14:00,8.8,0,2.2,南南西
2018/12/13 15:00,9.4,0,2.1,南南西
2018/12/13 16:00,9.5,0,1.9,南西
2018/12/13 17:00,9.4,0,1.3,西南西
2018/12/13 18:00,9.3,0,1.7,北北西
2018/12/13 19:00,9.1,0,2.8,西
2018/12/13 20:00,8.8,0,5.1,北西
2018/12/13 21:00,8.3,0,5.8,西北西
2018/12/13 22:00,8,0,3.6,西
2018/12/13 23:00,8.1,0,4.5,西
2018/12/14 0:00,7.5,0,3.4,西
2018/12/14 1:00,6.9,0,4.6,西
2018/12/14 2:00,6.5,0,4.4,西
2018/12/14 3:00,6.4,0,5.8,西北西
2018/12/14 4:00,6.1,0,4.9,西北西
2018/12/14 5:00,5.6,0,4.8,西北西
2018/12/14 6:00,5.4,0,2.6,西北西
2018/12/14 7:00,6.3,0,7.4,北北西
2018/12/14 8:00,6.4,0,1.7,北西
2018/12/14 9:00,7.2,0,2,北北西
2018/12/14 10:00,8,0,2.5,北西
2018/12/14 11:00,8.5,0,5.7,北
2018/12/14 12:00,7.3,0,5.7,北北東
2018/12/14 13:00,9.1,0,6.3,北北西
2018/12/14 14:00,8.3,0,7.3,北北西
2018/12/14 15:00,8.1,0,8.3,北北東
2018/12/14 16:00,7.1,0,7,北
2018/12/14 17:00,6.7,0,5.2,北
2018/12/14 18:00,6.3,0,4.8,北北西
2018/12/14 19:00,5.9,0,6.2,北北西
2018/12/14 20:00,6.4,0,3.6,北
2018/12/14 21:00,6.7,0,1.7,北西
2018/12/14 22:00,6.7,0,4,東北東
2018/12/14 23:00,6,0,3.7,北
2018/12/15 0:00,5.2,0,2.9,北東
2018/12/15 1:00,4.8,0,1.2,西
2018/12/15 2:00,5,0,1.8,東
2018/12/15 3:00,6,0,1.1,北
2018/12/15 4:00,5.7,0,4.1,北北東
2018/12/15 5:00,5.5,0,3.5,北北西
2018/12/15 6:00,5.2,0,2.7,北北西
2018/12/15 7:00,5.1,0,0.9,西北西
2018/12/15 8:00,5.8,0,7.3,北北東
2018/12/15 9:00,6.1,0,5.1,北北東
2018/12/15 10:00,6.5,0,4.3,北
2018/12/15 11:00,7,0,2.8,北
2018/12/15 12:00,7.8,0,3,北西
2018/12/15 13:00,8.7,0,1.4,南南東
2018/12/15 14:00,9,0,3.4,北北東
2018/12/15 15:00,9.5,0,3.5,北北西
2018/12/15 16:00,8.4,0,5.5,北北西
2018/12/15 17:00,7.5,0,3.2,北西
2018/12/15 18:00,7.2,0,3.6,北北東
2018/12/15 19:00,6.1,0,2.2,北西
2018/12/15 20:00,6,0,3.5,北
2018/12/15 21:00,5.6,0,4.1,北北東
2018/12/15 22:00,5.5,0,1.9,北東
2018/12/15 23:00,5.5,0,2.3,北北東
2018/12/16 0:00,5.4,0,2.2,北
2018/12/16 1:00,4.8,0,2.3,北
2018/12/16 2:00,4.3,0,4.8,東北東
2018/12/16 3:00,4.2,0,4.6,北東
2018/12/16 4:00,4.2,0,3.6,北北東
2018/12/16 5:00,4,0,3.6,北北東
2018/12/16 6:00,4.4,0,3,北北東
2018/12/16 7:00,3.6,0,4.8,東北東
2018/12/16 8:00,4.4,0,5.7,東北東
2018/12/16 9:00,5.4,0,4.3,東北東
2018/12/16 10:00,6.8,0,2.8,北東
2018/12/16 11:00,9.3,0,2.4,東北東
2018/12/16 12:00,10.3,0,0.7,南
2018/12/16 13:00,10.8,0,1.8,東
2018/12/16 14:00,10.8,0,1.7,東北東
2018/12/16 15:00,11.5,0,2,東北東
2018/12/16 16:00,11.4,0,4.4,東北東
2018/12/16 17:00,9.9,0,4.1,東北東
2018/12/16 18:00,9.1,0.5,4.6,東北東
2018/12/16 19:00,8.6,2,5.3,東北東
2018/12/16 20:00,8.3,1.5,5.2,北東
2018/12/16 21:00,8.2,1.5,6.2,東北東
2018/12/16 22:00,8.4,1.5,6.5,東北東
2018/12/16 23:00,8.2,2.5,5.7,東北東
2018/12/17 0:00,8.4,2,5,東北東
2018/12/17 1:00,8.5,2.5,3,東北東
2018/12/17 2:00,8.5,2,3.9,東北東
2018/12/17 3:00,8.4,0.5,5.3,東北東
2018/12/17 4:00,8.6,0,4.3,東北東
2018/12/17 5:00,8.7,0,1.8,北東
2018/12/17 6:00,8.7,0,1.4,南西
2018/12/17 7:00,9.9,0,1.4,西南西
2018/12/17 8:00,9.7,0,1.2,南西
2018/12/17 9:00,10.8,0,3.8,西南西
2018/12/17 10:00,12.1,0,3.9,西
2018/12/17 11:00,12.3,0,6.3,西
2018/12/17 12:00,13.4,0,4.7,西
2018/12/17 13:00,13,0,6.1,西
2018/12/17 14:00,12.6,0,6.2,西
2018/12/17 15:00,12.4,0,5.5,西
2018/12/17 16:00,11.7,0,5.5,西
2018/12/17 17:00,10.9,0,6.6,西
2018/12/17 18:00,10.4,0,5.5,西
2018/12/17 19:00,9.7,0,5.3,西
2018/12/17 20:00,9.6,0,5.2,西
2018/12/17 21:00,8.8,0,5.1,西
2018/12/17 22:00,8.4,0,3.8,西北西
2018/12/17 23:00,8,0,4.5,西
2018/12/18 0:00,7.8,0,4.2,西
2018/12/18 1:00,7.4,0,5.8,西
2018/12/18 2:00,6.8,0,3.6,西
2018/12/18 3:00,7.2,0,4.9,西
2018/12/18 4:00,6.7,0,4.4,西
2018/12/18 5:00,6.3,0,5.4,西
2018/12/18 6:00,6.2,0,4.5,西
2018/12/18 7:00,6,0,3.4,西
2018/12/18 8:00,6.5,0,3.5,西南西
2018/12/18 9:00,8.1,0,4,西
2018/12/18 10:00,8.7,0,4.2,西
2018/12/18 11:00,10,0,6,西
2018/12/18 12:00,10.9,0,7.1,西
2018/12/18 13:00,11.2,0,5.7,西
2018/12/18 14:00,11.2,0,6,西
2018/12/18 15:00,10.8,0,5.4,西南西
2018/12/18 16:00,10.6,0,4.5,西
2018/12/18 17:00,9.9,0,3.1,西
2018/12/18 18:00,9.7,0,3.1,西
2018/12/18 19:00,9.1,0,3.7,西北西
2018/12/18 20:00,8.6,0,3.6,西
2018/12/18 21:00,8.8,0,3.1,西南西
2018/12/18 22:00,8.1,0,3.9,西南西
2018/12/18 23:00,8,0,4.1,西
2018/12/19 0:00,7.2,0,3.2,西北西
2018/12/19 1:00,6.9,0,2.1,西
2018/12/19 2:00,6.8,0,2.9,西
2018/12/19 3:00,6.9,0,1.3,西
2018/12/19 4:00,6.7,0,2.5,南西
2018/12/19 5:00,5.9,0,3.2,西
2018/12/19 6:00,6.3,0,2.3,西
2018/12/19 7:00,6.5,0,2.2,西
2018/12/19 8:00,7.7,0,2.1,南西
2018/12/19 9:00,9.4,0,2,西
2018/12/19 10:00,10,0,2.4,西南西
2018/12/19 11:00,11.1,0,4.5,西南西
2018/12/19 12:00,12.1,0,5.1,西南西
2018/12/19 13:00,12.1,0,6,西南西
2018/12/19 14:00,12.6,0,6.3,西南西
2018/12/19 15:00,13.1,0,6.2,西
2018/12/19 16:00,12.7,0,6.7,西南西
2018/12/19 17:00,12.4,0,4.8,西
2018/12/19 18:00,12.4,0,3.6,西南西
2018/12/19 19:00,12.3,0,4.2,西南西
2018/12/19 20:00,12.6,0,3.3,西南西
2018/12/19 21:00,12,0,3.4,西
2018/12/19 22:00,11.6,0,3.2,西
2018/12/19 23:00,11.1,0,2,西南西
2018/12/20 0:00,10.8,0,2.2,西
2018/12/20 1:00,10.6,0,1.5,南南西
2018/12/20 2:00,10.7,0,1.8,西南西
2018/12/20 3:00,10.6,0,1.6,西南西
2018/12/20 4:00,10.7,0,0.8,南西
2018/12/20 5:00,10.9,0,1.6,西南西
2018/12/20 6:00,10.6,0,1.4,南西
2018/12/20 7:00,10,0,0.8,西北西
2018/12/20 8:00,10.2,0,0.8,南南東
2018/12/20 9:00,11.4,0,1.2,北北東
2018/12/20 10:00,12.3,0,0.9,東南東
2018/12/20 11:00,12.6,0,1.2,南南東
2018/12/20 12:00,13.3,0,1.9,西南西
2018/12/20 13:00,12.6,0,2.3,西
2018/12/20 14:00,11.5,0,2,北西
2018/12/20 15:00,12.1,0,2.3,西
2018/12/20 16:00,12.3,0,2.3,南西
2018/12/20 17:00,12.1,0,2.4,西南西
2018/12/20 18:00,11.6,0,1.8,西
2018/12/20 19:00,11.6,0,2.3,西南西
2018/12/20 20:00,11.5,0,2,西
2018/12/20 21:00,10.9,0,1.9,北
2018/12/20 22:00,10,0,1.5,北北東
2018/12/20 23:00,10.1,0,1.8,北
2018/12/21 0:00,9.8,0,1.1,北
2018/12/21 1:00,9,0,2.9,北東
2018/12/21 2:00,8.7,0,1.9,北
2018/12/21 3:00,8.4,0,1.6,北
2018/12/21 4:00,8.2,0,2.7,東
2018/12/21 5:00,8.1,0,2.6,東北東
2018/12/21 6:00,7.1,0,3.6,北東
2018/12/21 7:00,7.1,0,3,東北東
2018/12/21 8:00,8.9,0,2.9,北東
2018/12/21 9:00,11,0,4.5,東北東
2018/12/21 10:00,12.5,0,5.8,東北東
2018/12/21 11:00,13.2,0,5.8,東北東
2018/12/21 12:00,13.9,0,3.7,東北東
2018/12/21 13:00,14.4,0,3.3,東
2018/12/21 14:00,15.1,0,2.8,東北東
2018/12/21 15:00,14.7,0,1.7,東南東
2018/12/21 16:00,14.7,0,1.4,南東
2018/12/21 17:00,14,0,2,東北東
2018/12/21 18:00,13.9,0,3.6,北東
2018/12/21 19:00,12.5,0,5,東北東
2018/12/21 20:00,11.7,0.5,6.7,東北東
2018/12/21 21:00,11.9,0,7.4,東北東
2018/12/21 22:00,12.6,0,6.4,東北東
2018/12/21 23:00,12.3,0,6.8,東北東
2018/12/22 0:00,12.3,0,5.5,東北東
2018/12/22 1:00,12.1,0.5,6.8,東北東
2018/12/22 2:00,12.3,0,6.7,東北東
2018/12/22 3:00,12.3,0.5,5,東北東
2018/12/22 4:00,12.1,0,4.6,東北東
2018/12/22 5:00,11.8,0.5,3,北東
2018/12/22 6:00,11.6,1,3.4,東北東
2018/12/22 7:00,11.2,2,4.6,東北東
2018/12/22 8:00,11.3,0.5,4.5,東北東
2018/12/22 9:00,11.4,0.5,4.9,東北東
2018/12/22 10:00,11.6,0,3.7,東北東
2018/12/22 11:00,12.2,0,2,東南東
2018/12/22 12:00,12.6,0,2.3,東南東
2018/12/22 13:00,12.6,0,1.1,南東
2018/12/22 14:00,13.1,0,1.1,南南東
2018/12/22 15:00,13.9,0,2.4,南西
2018/12/22 16:00,13.6,0,2.2,東南東
2018/12/22 17:00,13.4,0,1.3,南東
2018/12/22 18:00,12.6,0,0.8,南西
2018/12/22 19:00,13.1,0,1.8,西北西
2018/12/22 20:00,13,0,1.1,西
2018/12/22 21:00,12.8,0,1.3,南
2018/12/22 22:00,12.2,0,0.7,西
2018/12/22 23:00,11.4,0,0.8,西南西
2018/12/23 0:00,11.1,0,1.4,北
2018/12/23 1:00,10.6,0,1.8,北北西
2018/12/23 2:00,10,0,1.6,北北東
2018/12/23 3:00,10.1,0,2.1,北
2018/12/23 4:00,10.6,0,2,東南東
2018/12/23 5:00,10.7,0,1,北
2018/12/23 6:00,10.6,0,1.1,東
2018/12/23 7:00,10.6,0,1.9,東北東
2018/12/23 8:00,10.9,0,1.2,東北東
2018/12/23 9:00,11.6,0,3.2,東北東
2018/12/23 10:00,12.3,0,1.6,東南東
2018/12/23 11:00,12.7,0,1.9,東南東
2018/12/23 12:00,13.3,0,1.6,南東
2018/12/23 13:00,14.1,0,2.3,東南東
2018/12/23 14:00,13.7,0,2.7,南南西
2018/12/23 15:00,15.2,0,2.3,西南西
2018/12/23 16:00,14.5,0,5.3,西
2018/12/23 17:00,14.2,0,5,西
2018/12/23 18:00,13.9,0,3.9,西
2018/12/23 19:00,13.8,0,3.6,西南西
2018/12/23 20:00,13.1,0,2.6,西北西
2018/12/23 21:00,12.9,0,3.2,西
2018/12/23 22:00,12.6,0,2.5,西南西
2018/12/23 23:00,12.4,0,0.5,東南東
2018/12/24 0:00,12.4,0,2.9,西
2018/12/24 1:00,11.6,0,2,西南西
2018/12/24 2:00,11.2,0,2.7,西北西
2018/12/24 3:00,10.1,0,4.1,北北西
2018/12/24 4:00,9.4,0,4,北
2018/12/24 5:00,8.7,0,5.6,北
2018/12/24 6:00,8.4,0,4.3,北
2018/12/24 7:00,8.2,0,2.6,北東
2018/12/24 8:00,8.5,0,4,北東
2018/12/24 9:00,9.2,0,1.2,南東
2018/12/24 10:00,10.1,0,1.9,北北西
2018/12/24 11:00,10.4,0,6.7,北北西
2018/12/24 12:00,10.7,0,5.3,北
2018/12/24 13:00,10.8,0,4,北北西
2018/12/24 14:00,10.8,0,5.1,北北西
2018/12/24 15:00,10.2,0,4.8,北北西
2018/12/24 16:00,9.8,0,3.6,北北西
2018/12/24 17:00,8.6,0,6,北北東
2018/12/24 18:00,7.7,0,4,北
2018/12/24 19:00,8.1,0,3.8,北東
2018/12/24 20:00,7.5,0,2.8,北北東
2018/12/24 21:00,7.3,0,2.7,北北東
2018/12/24 22:00,7,0,2.3,北
2018/12/24 23:00,6.5,0,3,北北東
2018/12/25 0:00,6,0,3.2,北東
2018/12/25 1:00,5.2,0,3.7,北東
2018/12/25 2:00,5.3,0,2.8,北北東
2018/12/25 3:00,5.3,0,2.7,北北東
2018/12/25 4:00,5,0,2.5,北北東
2018/12/25 5:00,5,0,2.5,東北東
2018/12/25 6:00,4.7,0,3.5,東北東
2018/12/25 7:00,4.6,0,3.1,北北東
2018/12/25 8:00,5.3,0,2.9,東北東
2018/12/25 9:00,6.6,0,2.9,東北東
2018/12/25 10:00,7.7,0,1.9,東南東
2018/12/25 11:00,8.6,0,1.9,東北東
2018/12/25 12:00,9,0,2.3,東南東
2018/12/25 13:00,9.9,0,1.8,南南東
2018/12/25 14:00,10.3,0,2.6,南
2018/12/25 15:00,10.9,0,1.7,南南西
2018/12/25 16:00,10.6,0,2.2,西南西
2018/12/25 17:00,10.3,0,1.3,南西
2018/12/25 18:00,8.6,0,1.4,南南西
2018/12/25 19:00,8.4,0,1.9,北西
2018/12/25 20:00,7.9,0,1.4,北西
2018/12/25 21:00,7.8,0,1.6,北西
2018/12/25 22:00,8.2,0,1.3,北西
2018/12/25 23:00,8.3,0,1.5,北北西
2018/12/26 0:00,8.4,0,2.8,東
2018/12/26 1:00,7.8,0,3.9,北北東
2018/12/26 2:00,7.9,0,3.6,東北東
2018/12/26 3:00,8.1,0,2.8,東北東
2018/12/26 4:00,8.1,0,2.8,北北東
2018/12/26 5:00,8.2,0,2.4,東北東
2018/12/26 6:00,8.4,0,1.3,南東
2018/12/26 7:00,8.3,0,4.1,東北東
2018/12/26 8:00,8,0,1.8,東北東
2018/12/26 9:00,7.9,0,1.4,東
2018/12/26 10:00,8.6,0,1.1,南東
2018/12/26 11:00,9.1,0,0.9,東南東
2018/12/26 12:00,10,0,3.1,南東
2018/12/26 13:00,11,0,1.7,東北東
2018/12/26 14:00,11,0,1.1,南南東
2018/12/26 15:00,10.9,0,3,北北東
2018/12/26 16:00,11,0,3.5,西
2018/12/26 17:00,10.7,0,3.7,西北西
2018/12/26 18:00,10.5,0,2.3,北西
2018/12/26 19:00,10.6,0,2.3,東北東
2018/12/26 20:00,10.6,0,1.7,西
2018/12/26 21:00,10.4,0,2.4,北北西
2018/12/26 22:00,10.3,0,2.5,北西
2018/12/26 23:00,10,0,3.3,西北西
2018/12/27 0:00,9.8,0,2.5,西
2018/12/27 1:00,9.2,0,1.5,西
2018/12/27 2:00,9.1,0,1.5,北西
2018/12/27 3:00,9,0,2.4,北北西
2018/12/27 4:00,9,0,4.4,北
2018/12/27 5:00,8.8,0,3,北北西
2018/12/27 6:00,8.7,0,3.8,北北西
2018/12/27 7:00,8.4,0,4.5,北西
2018/12/27 8:00,8.3,0,2.1,北西
2018/12/27 9:00,9.7,0,3.2,西南西
2018/12/27 10:00,9.9,0,4.8,西
2018/12/27 11:00,10.5,0,5.7,西
2018/12/27 12:00,10.3,0,4.3,西
2018/12/27 13:00,11.4,0,4.1,西
2018/12/27 14:00,12.1,0,6,西北西
2018/12/27 15:00,11.9,0,6.5,西北西
2018/12/27 16:00,10.8,0,6.3,西北西
2018/12/27 17:00,9.3,0,5.8,北西
2018/12/27 18:00,8.1,0,7.3,西北西
2018/12/27 19:00,7.6,0,4.7,西
2018/12/27 20:00,7,0,5.1,西
2018/12/27 21:00,6.5,0,6.7,西
2018/12/27 22:00,6,0,5.8,西
2018/12/27 23:00,5.6,0,5.1,西
2018/12/28 0:00,5,0,5.7,西
2018/12/28 1:00,4.8,0,5.5,西
2018/12/28 2:00,4.4,0,5.1,西
2018/12/28 3:00,4,0,4.2,西北西
2018/12/28 4:00,3.5,0,3.9,西北西
2018/12/28 5:00,3.2,0,4,西北西
2018/12/28 6:00,2.9,0,2.8,西北西
2018/12/28 7:00,3,0,3.4,西北西
2018/12/28 8:00,3.1,0,3.2,西北西
2018/12/28 9:00,3.9,0,3.8,西
2018/12/28 10:00,4.9,0,5.4,西北西
2018/12/28 11:00,4.3,0.5,4.2,西
2018/12/28 12:00,2.9,0,4.8,北北西
2018/12/28 13:00,4.5,0,5,西北西
2018/12/28 14:00,6.2,0,4.2,北西
2018/12/28 15:00,4.1,0.5,3.5,西北西
2018/12/28 16:00,4.5,0,7.9,北
2018/12/28 17:00,3.3,0,7.2,北北西
2018/12/28 18:00,2.8,0,7.4,北北西
2018/12/28 19:00,2.7,0,8.6,北北西
2018/12/28 20:00,2.5,0,8.9,北北西
2018/12/28 21:00,2.2,0,6.1,北北西
2018/12/28 22:00,2.5,0,6.6,北北西
2018/12/28 23:00,2.4,0,6.4,北北西
2018/12/29 0:00,2.1,0,3.6,西北西
2018/12/29 1:00,1.3,0,4.7,西北西
2018/12/29 2:00,1.2,0,3.9,西
2018/12/29 3:00,1.2,0,3.5,西北西
2018/12/29 4:00,1.2,0,3.2,西
2018/12/29 5:00,1.4,0,3.4,西南西
2018/12/29 6:00,1.1,0,2.9,西南西
2018/12/29 7:00,1.7,0,4.7,西
2018/12/29 8:00,3.3,0,3.8,西南西
2018/12/29 9:00,4.4,0,5.6,西
2018/12/29 10:00,5.6,0,6.6,西
2018/12/29 11:00,6.1,0,6.6,西
2018/12/29 12:00,6.4,0,5.7,西
2018/12/29 13:00,6.6,0,6,西北西
2018/12/29 14:00,6.5,0,7,西
2018/12/29 15:00,6.9,0,5.7,西
2018/12/29 16:00,6,0,5.1,西北西
2018/12/29 17:00,5,0,5.8,西北西
2018/12/29 18:00,4,0,5.2,北西
2018/12/29 19:00,3.3,0,5.2,北西
2018/12/29 20:00,3.1,0,4.8,西北西
2018/12/29 21:00,3.3,0,5.5,西北西
2018/12/29 22:00,2.9,0,5,西北西
2018/12/29 23:00,2.7,0,4.1,西北西
2018/12/30 0:00,2.6,0,4.2,西北西
2018/12/30 1:00,2.6,0,3.6,西北西
2018/12/30 2:00,2.4,0,2.3,西
2018/12/30 3:00,2.2,0,2.1,南西
2018/12/30 4:00,1.9,0,2.6,西
2018/12/30 5:00,1.9,0,2,西北西
2018/12/30 6:00,1.9,0,3.2,西
2018/12/30 7:00,1.9,0,3.5,西北西
2018/12/30 8:00,2.7,0,3.4,西北西
2018/12/30 9:00,4,0,5.1,西北西
2018/12/30 10:00,5.4,0,4,北西
2018/12/30 11:00,6.9,0,3.9,西北西
2018/12/30 12:00,6.9,0,4.8,北北西
2018/12/30 13:00,7.2,0,5.9,北北西
2018/12/30 14:00,7.5,0,8.3,北
2018/12/30 15:00,7.2,0,4.8,北西
2018/12/30 16:00,5.5,0,9.9,北北西
2018/12/30 17:00,4.9,0,6.1,北
2018/12/30 18:00,4.4,0,4.4,北北東
2018/12/30 19:00,4,0,7.8,北
2018/12/30 20:00,4.4,0,3.5,北
2018/12/30 21:00,4.2,0,2.5,北北西
2018/12/30 22:00,3.7,0,2.4,西
2018/12/30 23:00,3.5,0,3.5,北西
2018/12/31 0:00,4.2,0,5.5,北西
2018/12/31 1:00,3.7,0,2.3,西北西
2018/12/31 2:00,4.2,0,2.5,北北西
2018/12/31 3:00,4,0,5.4,北北西
2018/12/31 4:00,3.9,0,4.1,西北西
2018/12/31 5:00,3.9,0,3.2,北西
2018/12/31 6:00,3.9,0,4.1,西北西
2018/12/31 7:00,4.1,0,4.4,西北西
2018/12/31 8:00,4.2,0,3.5,西北西
2018/12/31 9:00,4.7,0,4,北西
2018/12/31 10:00,5.9,0,4.9,北北西
2018/12/31 11:00,5.9,0,5.4,北西
2018/12/31 12:00,6.5,0,3.2,西北西
2018/12/31 13:00,7,0,3.3,北西
2018/12/31 14:00,7.4,0,5.2,北
2018/12/31 15:00,7.2,0,4.4,北北西
2018/12/31 16:00,7,0,4.3,北
2018/12/31 17:00,6.4,0,5,北北西
2018/12/31 18:00,5.7,0,5.2,北西
2018/12/31 19:00,4.7,0,3.4,北西
2018/12/31 20:00,4.3,0,2,北西
2018/12/31 21:00,4.2,0,3.4,北西
2018/12/31 22:00,3.7,0,2.9,北西
2018/12/31 23:00,3.8,0,3.3,北西
2019/1/1 0:00,4.2,0,2.5,北西
2019/1/1 1:00,4.1,0,4.5,北西
2019/1/1 2:00,3.9,0,3.6,北西
2019/1/1 3:00,4.2,0,2.1,北西
2019/1/1 4:00,4.1,0,0.7,西南西
2019/1/1 5:00,2.9,0,1.5,北北東
2019/1/1 6:00,2.7,0,3.1,北
2019/1/1 7:00,2.7,0,1,南
2019/1/1 8:00,3.7,0,0.7,西
2019/1/1 9:00,5.5,0,1.1,南東
2019/1/1 10:00,6.3,0,3.2,東南東
2019/1/1 11:00,6.9,0,2.9,東
2019/1/1 12:00,7.9,0,1.6,南南東
2019/1/1 13:00,8.2,0,4,南南西
2019/1/1 14:00,8.3,0,4,南西
2019/1/1 15:00,8.4,0,5,西南西
2019/1/1 16:00,8.2,0,3.5,西南西
2019/1/1 17:00,8.1,0,2.5,西
2019/1/1 18:00,7.5,0,2,西北西
2019/1/1 19:00,7.7,0,1.6,西南西
2019/1/1 20:00,7.6,0.5,4.7,西北西
2019/1/1 21:00,7.6,0,4.3,西北西
2019/1/1 22:00,6.9,0,5.8,西北西
2019/1/1 23:00,7.1,0,6.7,西
2019/1/2 0:00,6.4,0,4.5,西シ
